วันเดือนปี,price,ราคาเปิด,สูงสุด,ต่ำสุด,vol,% เปลี่ยน,Norm_Price,stock
8/9/2023,26,26.25,26.5,25.75,1220000,-0.95%,0.044444444,TOA
8/8/2023,26.25,26.75,26.75,26,1420000,-1.87%,0.055555556,TOA
8/7/2023,26.75,27.25,27.25,26.5,663600,-1.83%,0.077777778,TOA
8/4/2023,27.25,27.25,27.5,27,883500,0.93%,0.1,TOA
8/3/2023,27,26.5,27.25,26.25,1660000,0.93%,0.088888889,TOA
8/2/2023,26.75,27.25,27.25,26.5,1310000,-1.83%,0.077777778,TOA
7/31/2023,27.25,27.5,27.75,27,1440000,0.00%,0.1,TOA
7/27/2023,27.25,27.25,27.75,26.5,2410000,0.93%,0.1,TOA
7/26/2023,27,27.5,27.5,26.75,494900,-1.82%,0.088888889,TOA
7/25/2023,27.5,26.5,27.5,26.25,1450000,3.77%,0.111111111,TOA
7/24/2023,26.5,27.25,27.25,26.5,1850000,-2.75%,0.066666667,TOA
7/21/2023,27.25,27.25,27.5,27,443700,0.00%,0.1,TOA
7/20/2023,27.25,27.5,28,27.25,1720000,-0.91%,0.1,TOA
7/19/2023,27.5,27.25,27.75,27.25,1190000,0.92%,0.111111111,TOA
7/18/2023,27.25,27.5,28,27,1970000,-0.91%,0.1,TOA
7/17/2023,27.5,27.5,27.75,27,906700,0.00%,0.111111111,TOA
7/14/2023,27.5,27.5,28,27.25,906900,0.00%,0.111111111,TOA
7/13/2023,27.5,26.75,27.75,26.75,2300000,1.85%,0.111111111,TOA
7/12/2023,27,26.75,27.5,26.75,2290000,1.89%,0.088888889,TOA
7/11/2023,26.5,26,27,26,1340000,0.95%,0.066666667,TOA
7/10/2023,26.25,26,26.75,25.5,1810000,0.96%,0.055555556,TOA
7/7/2023,26,25.5,26.25,25.25,2100000,0.00%,0.044444444,TOA
7/6/2023,26,25.5,26.25,24.3,12070000,4.00%,0.044444444,TOA
7/5/2023,25,27,27,25,8890000,-7.41%,0,TOA
7/4/2023,27,27.5,27.5,27,1020000,-0.92%,0.088888889,TOA
7/3/2023,27.25,27.75,27.75,26.5,662300,0.00%,0.1,TOA
6/30/2023,27.25,27.25,27.75,27,779100,0.93%,0.1,TOA
6/29/2023,27,27.5,27.75,27,1400000,-2.70%,0.088888889,TOA
6/28/2023,27.75,27.25,28,27,2450000,2.78%,0.122222222,TOA
6/27/2023,27,27,27.5,26.75,703200,1.89%,0.088888889,TOA
6/26/2023,26.5,26.75,27.5,26.5,1130000,-1.85%,0.066666667,TOA
6/23/2023,27,28,28.25,27,2440000,-3.57%,0.088888889,TOA
6/22/2023,28,29,29,28,1770000,-1.75%,0.133333333,TOA
6/21/2023,28.5,28.5,29,28.25,5260000,-0.87%,0.155555556,TOA
6/20/2023,28.75,27,29,27,16200000,9.52%,0.166666667,TOA
6/19/2023,26.25,22,29.5,22,28560000,-15.32%,0.055555556,TOA
6/16/2023,31,30.5,31,30.5,718100,1.64%,0.266666667,TOA
6/15/2023,30.5,31.5,32.25,30.25,1860000,-3.94%,0.244444444,TOA
6/14/2023,31.75,31.25,32.75,30.75,4270000,2.42%,0.3,TOA
6/13/2023,31,31,31.25,30.5,1100000,1.64%,0.266666667,TOA
6/12/2023,30.5,30.75,30.75,29.75,1140000,-1.61%,0.244444444,TOA
6/9/2023,31,30.75,31,30.5,348500,0.81%,0.266666667,TOA
6/8/2023,30.75,32.25,32.25,29.75,3860000,-3.15%,0.255555556,TOA
6/7/2023,31.75,32,32.25,31.25,1380000,-0.78%,0.3,TOA
6/6/2023,32,32.25,32.5,32,901600,-0.78%,0.311111111,TOA
6/2/2023,32.25,32.75,33,32.25,535200,-0.77%,0.322222222,TOA
6/1/2023,32.5,32.75,33,31.75,1300000,-2.26%,0.333333333,TOA
5/31/2023,33.25,32,33.25,31.5,3060000,2.31%,0.366666667,TOA
5/30/2023,32.5,31.75,32.5,30.75,2030000,3.17%,0.333333333,TOA
5/29/2023,31.5,32,32,31.5,252100,-0.79%,0.288888889,TOA
5/26/2023,31.75,31.5,31.75,31.25,908400,0.79%,0.3,TOA
5/25/2023,31.5,30.5,31.5,30.25,2910000,5.00%,0.288888889,TOA
5/24/2023,30,29.25,30.5,29.25,2370000,1.69%,0.222222222,TOA
5/23/2023,29.5,29.5,30,29,2130000,0.00%,0.2,TOA
5/22/2023,29.5,29,29.5,28.5,1220000,1.72%,0.2,TOA
5/19/2023,29,30,30.25,29,2390000,-3.33%,0.177777778,TOA
5/18/2023,30,30.25,30.75,30,717300,-0.83%,0.222222222,TOA
5/17/2023,30.25,30.25,30.5,30,725000,0.83%,0.233333333,TOA
5/16/2023,30,30.25,30.5,29.75,2030000,-0.83%,0.222222222,TOA
5/15/2023,30.25,30.5,31.25,29.75,3300000,3.42%,0.233333333,TOA
5/12/2023,29.25,29.5,29.75,28.75,2070000,-1.68%,0.188888889,TOA
5/11/2023,29.75,30,30.25,29.5,1070000,-0.83%,0.211111111,TOA
5/10/2023,30,30.25,30.25,29.75,419700,-1.64%,0.222222222,TOA
5/9/2023,30.5,29.25,30.5,29.25,1470000,2.52%,0.244444444,TOA
5/8/2023,29.75,29.25,29.75,28.75,1240000,1.71%,0.211111111,TOA
5/3/2023,29.25,29,29.75,28.5,1460000,0.86%,0.188888889,TOA
5/2/2023,29,29.75,30.25,29,1760000,-0.85%,0.177777778,TOA
4/28/2023,29.25,30.5,30.5,29.25,2010000,-1.68%,0.188888889,TOA
4/27/2023,29.75,29.5,30.5,29.5,4250000,0.85%,0.211111111,TOA
4/26/2023,29.5,29.5,29.75,29.25,1400000,0.00%,0.2,TOA
4/25/2023,29.5,29.5,29.75,29.5,1040000,-0.84%,0.2,TOA
4/24/2023,29.75,29.5,29.75,29,942400,1.71%,0.211111111,TOA
4/21/2023,29.25,29.25,29.5,29,1120000,-0.85%,0.188888889,TOA
4/20/2023,29.5,29.5,29.5,28.25,4760000,-0.84%,0.2,TOA
4/19/2023,29.75,31,31,29.75,636100,-4.03%,0.211111111,TOA
4/18/2023,31,30.75,31,30.25,348100,1.64%,0.266666667,TOA
4/17/2023,30.5,31,31,30.5,249300,-0.81%,0.244444444,TOA
4/12/2023,30.75,31.5,31.5,30.5,552400,-0.81%,0.255555556,TOA
4/11/2023,31,30.75,31.25,30.25,540600,1.64%,0.266666667,TOA
4/10/2023,30.5,30.5,31,30.25,477700,-0.81%,0.244444444,TOA
4/7/2023,30.75,30.5,31,30.5,90500,0.00%,0.255555556,TOA
4/5/2023,30.75,31,31.25,30.25,397600,0.00%,0.255555556,TOA
4/4/2023,30.75,31.25,31.25,30.75,338400,-0.81%,0.255555556,TOA
4/3/2023,31,31.25,31.5,31,349200,0.00%,0.266666667,TOA
3/31/2023,31,31.25,31.75,30.75,1950000,-1.59%,0.266666667,TOA
3/30/2023,31.5,31.5,32,31.25,377100,0.00%,0.288888889,TOA
3/29/2023,31.5,32,32.25,31.25,1100000,-3.08%,0.288888889,TOA
3/28/2023,32.5,31.25,32.75,31,3860000,4.84%,0.333333333,TOA
3/27/2023,31,30.75,31.5,30.5,1610000,0.81%,0.266666667,TOA
3/24/2023,30.75,32,32,30.5,3210000,-3.91%,0.255555556,TOA
3/23/2023,32,32.25,32.75,31.5,1910000,-0.78%,0.311111111,TOA
3/22/2023,32.25,33.5,33.5,32.25,734400,-2.27%,0.322222222,TOA
3/21/2023,33,34,34,32.5,689700,-0.75%,0.355555556,TOA
3/20/2023,33.25,32.5,33.25,32,907700,3.10%,0.366666667,TOA
3/17/2023,32.25,32.5,33,32,570400,-0.77%,0.322222222,TOA
3/16/2023,32.5,32.75,32.75,32.25,376100,-0.76%,0.333333333,TOA
3/15/2023,32.75,33,33.25,32.25,1500000,0.00%,0.344444444,TOA
3/14/2023,32.75,32.75,33.25,32.25,888000,-0.76%,0.344444444,TOA
3/13/2023,33,33,33.5,32.75,1150000,-0.75%,0.355555556,TOA
3/10/2023,33.25,33.25,33.75,33.25,1010000,-0.75%,0.366666667,TOA
3/9/2023,33.5,33.75,34.25,33.25,1100000,-0.74%,0.377777778,TOA
3/8/2023,33.75,32.25,34.25,32.25,2050000,2.27%,0.388888889,TOA
3/7/2023,33,31,33.25,30.5,2740000,6.45%,0.355555556,TOA
3/3/2023,31,31.5,31.5,31,178200,-1.59%,0.266666667,TOA
3/2/2023,31.5,31,31.5,30.75,616500,1.61%,0.288888889,TOA
3/1/2023,31,32.5,32.75,31,2660000,-4.62%,0.266666667,TOA
2/28/2023,32.5,32.75,33,31.5,2290000,-0.76%,0.333333333,TOA
2/27/2023,32.75,33.25,33.25,32.25,1480000,-1.50%,0.344444444,TOA
2/24/2023,33.25,33,33.25,33,595700,0.76%,0.366666667,TOA
2/23/2023,33,33.25,33.5,33,208300,-0.75%,0.355555556,TOA
2/22/2023,33.25,33.5,33.5,33,474200,-0.75%,0.366666667,TOA
2/21/2023,33.5,33,33.5,33,208600,0.00%,0.377777778,TOA
2/20/2023,33.5,32,33.75,32,1900000,3.88%,0.377777778,TOA
2/17/2023,32.25,32.5,32.75,32,740800,-1.53%,0.322222222,TOA
2/16/2023,32.75,33.5,33.5,32.5,1990000,-2.24%,0.344444444,TOA
2/15/2023,33.5,33.25,34.25,33,914400,-0.74%,0.377777778,TOA
2/14/2023,33.75,34,34,33.25,705200,0.75%,0.388888889,TOA
2/13/2023,33.5,33.5,33.75,33,1960000,0.00%,0.377777778,TOA
2/10/2023,33.5,34.5,34.5,33.5,957000,-3.60%,0.377777778,TOA
2/9/2023,34.75,34.5,34.75,33.5,1640000,1.46%,0.433333333,TOA
2/8/2023,34.25,34.5,34.5,34,236300,0.00%,0.411111111,TOA
2/7/2023,34.25,34.75,34.75,34.25,308100,-1.44%,0.411111111,TOA
2/6/2023,34.75,34.5,35,34.25,1370000,0.00%,0.433333333,TOA
2/3/2023,34.75,35,35,33.75,578000,0.72%,0.433333333,TOA
2/2/2023,34.5,34.75,34.75,34,630600,0.00%,0.422222222,TOA
2/1/2023,34.5,34.25,35,34.25,2620000,1.47%,0.422222222,TOA
1/31/2023,34,33.75,35,33.25,3470000,1.49%,0.4,TOA
1/30/2023,33.5,33.25,34,33,1370000,0.75%,0.377777778,TOA
1/27/2023,33.25,33.25,33.75,32.25,3020000,-0.75%,0.366666667,TOA
1/26/2023,33.5,34,34.25,33.25,3040000,-1.47%,0.377777778,TOA
1/25/2023,34,34.25,34.75,34,1330000,-0.73%,0.4,TOA
1/24/2023,34.25,34.25,34.75,34.25,537900,0.00%,0.411111111,TOA
1/23/2023,34.25,33.75,34.5,33.25,2810000,0.74%,0.411111111,TOA
1/20/2023,34,34.5,34.75,33.75,1670000,-2.86%,0.4,TOA
1/19/2023,35,35,36.5,34.75,6400000,0.00%,0.444444444,TOA
1/18/2023,35,35.5,35.5,34.75,643800,-0.71%,0.444444444,TOA
1/17/2023,35.25,35,35.25,34.5,3470000,0.71%,0.455555556,TOA
1/16/2023,35,34.5,35,34.25,2440000,1.45%,0.444444444,TOA
1/13/2023,34.5,35,35,34,3160000,-2.13%,0.422222222,TOA
1/12/2023,35.25,35,36,34.25,10990000,0.71%,0.455555556,TOA
1/11/2023,35,35.25,35.25,34.5,8150000,0.72%,0.444444444,TOA
1/10/2023,34.75,34.5,35,34.25,3400000,0.72%,0.433333333,TOA
1/9/2023,34.5,34.5,35,34,1150000,0.00%,0.422222222,TOA
1/6/2023,34.5,35,35,34.25,670800,-1.43%,0.422222222,TOA
1/5/2023,35,35.25,35.75,33.75,6090000,-2.10%,0.444444444,TOA
1/4/2023,35.75,33.5,35.75,32.75,6170000,8.33%,0.477777778,TOA
1/3/2023,33,34,34,33,271600,-2.22%,0.355555556,TOA
12/30/2022,33.75,33,33.75,32.5,787800,3.05%,0.388888889,TOA
12/29/2022,32.75,32.75,33,32.5,258000,0.00%,0.344444444,TOA
12/28/2022,32.75,33,33.25,32.5,373900,0.00%,0.344444444,TOA
12/27/2022,32.75,33.5,33.5,32.75,215400,-1.50%,0.344444444,TOA
12/26/2022,33.25,33.25,33.5,32.75,278800,0.76%,0.366666667,TOA
12/23/2022,33,32.75,33.25,32.75,102200,-0.75%,0.355555556,TOA
12/22/2022,33.25,33,33.5,33,549600,0.00%,0.366666667,TOA
12/21/2022,33.25,33.25,33.5,33,578900,-1.48%,0.366666667,TOA
12/20/2022,33.75,34,34.25,32.75,1770000,0.00%,0.388888889,TOA
12/19/2022,33.75,34,34.25,33.5,556600,-0.74%,0.388888889,TOA
12/16/2022,34,32.75,34,32.25,2710000,3.82%,0.4,TOA
12/15/2022,32.75,33.5,33.75,32.75,401200,-2.24%,0.344444444,TOA
12/14/2022,33.5,33.75,34,33.5,1120000,0.00%,0.377777778,TOA
12/13/2022,33.5,33,33.5,33,516900,1.52%,0.377777778,TOA
12/9/2022,33,32.25,33.25,32.25,1270000,1.54%,0.355555556,TOA
12/8/2022,32.5,32,32.5,31.75,522400,1.56%,0.333333333,TOA
12/7/2022,32,32.75,32.75,31.75,811500,-1.54%,0.311111111,TOA
12/6/2022,32.5,32.25,33,32.25,726500,-0.76%,0.333333333,TOA
12/2/2022,32.75,33,33.5,32.75,580600,-1.50%,0.344444444,TOA
12/1/2022,33.25,33.5,33.5,33,319200,-1.48%,0.366666667,TOA
11/30/2022,33.75,33.5,34.25,33.25,2160000,0.75%,0.388888889,TOA
11/29/2022,33.5,33.75,33.75,32.5,973600,-0.74%,0.377777778,TOA
11/28/2022,33.75,33,33.75,32.75,549100,0.75%,0.388888889,TOA
11/25/2022,33.5,34,34,33.25,599900,-0.74%,0.377777778,TOA
11/24/2022,33.75,33.75,34.25,33.5,2710000,1.50%,0.388888889,TOA
11/23/2022,33.25,32.25,33.5,32,4370000,4.72%,0.366666667,TOA
11/22/2022,31.75,32.75,32.75,31.75,454100,-1.55%,0.3,TOA
11/21/2022,32.25,32.25,32.5,31.75,457700,0.00%,0.322222222,TOA
11/18/2022,32.25,32.75,32.75,31.75,534500,1.57%,0.322222222,TOA
11/17/2022,31.75,31.75,32,31.5,527000,-1.55%,0.3,TOA
11/16/2022,32.25,32.5,32.5,31.75,1180000,-0.77%,0.322222222,TOA
11/15/2022,32.5,30.75,32.5,30.75,2310000,5.69%,0.333333333,TOA
11/14/2022,30.75,30.5,31,30.25,1160000,-0.81%,0.255555556,TOA
11/11/2022,31,32,32,30.75,1480000,-0.80%,0.266666667,TOA
11/10/2022,31.25,31,31.25,30.75,436700,0.81%,0.277777778,TOA
11/9/2022,31,31,31,30.5,854100,0.81%,0.266666667,TOA
11/8/2022,30.75,30.25,31,30,712500,1.65%,0.255555556,TOA
11/7/2022,30.25,31,31,30,2000000,-2.42%,0.233333333,TOA
11/4/2022,31,30.5,31.25,30.5,339100,1.64%,0.266666667,TOA
11/3/2022,30.5,30.5,31,30.25,528200,0.00%,0.244444444,TOA
11/2/2022,30.5,31,31.5,30.5,1820000,-2.40%,0.244444444,TOA
11/1/2022,31.25,31.25,31.75,31,1770000,-0.79%,0.277777778,TOA
10/31/2022,31.5,31.75,32.25,31,2370000,-2.33%,0.288888889,TOA
10/28/2022,32.25,31,32.5,31,1550000,3.20%,0.322222222,TOA
10/27/2022,31.25,32.75,32.75,31.25,1640000,-5.30%,0.277777778,TOA
10/26/2022,33,33,33.25,32.75,651700,0.76%,0.355555556,TOA
10/25/2022,32.75,32.5,33,32,801200,1.55%,0.344444444,TOA
10/21/2022,32.25,32.5,32.75,32.25,257400,-0.77%,0.322222222,TOA
10/20/2022,32.5,33.25,33.25,32.25,5590000,-2.26%,0.333333333,TOA
10/19/2022,33.25,33,33.5,32.75,1460000,1.53%,0.366666667,TOA
10/18/2022,32.75,32.25,33,32.25,666600,0.00%,0.344444444,TOA
10/17/2022,32.75,31.5,33,30.75,1970000,4.80%,0.344444444,TOA
10/12/2022,31.25,31,31.75,30.75,790500,0.00%,0.277777778,TOA
10/11/2022,31.25,32,32,30.75,855700,-1.57%,0.277777778,TOA
10/10/2022,31.75,33,33,31.75,972300,-5.22%,0.3,TOA
10/7/2022,33.5,33.5,33.5,32.75,1200000,0.00%,0.377777778,TOA
10/6/2022,33.5,32.75,33.5,32.75,1640000,2.29%,0.377777778,TOA
10/5/2022,32.75,33.25,33.25,32.5,1940000,0.00%,0.344444444,TOA
10/4/2022,32.75,32.5,33.25,32.5,2610000,0.00%,0.344444444,TOA
10/3/2022,32.75,32.75,32.75,31.25,2330000,-0.76%,0.344444444,TOA
9/30/2022,33,33.25,33.25,31.75,2350000,0.76%,0.355555556,TOA
9/29/2022,32.75,33.5,33.5,32.75,1470000,-2.24%,0.344444444,TOA
9/28/2022,33.5,33.75,33.75,33,1900000,-0.74%,0.377777778,TOA
9/27/2022,33.75,34,34,33,1040000,-0.74%,0.388888889,TOA
9/26/2022,34,33.75,34.5,33.5,3800000,0.74%,0.4,TOA
9/23/2022,33.75,34,34,33,4480000,-0.74%,0.388888889,TOA
9/22/2022,34,32.25,34,32.25,7180000,3.82%,0.4,TOA
9/21/2022,32.75,32.25,32.75,31.75,5270000,1.55%,0.344444444,TOA
9/20/2022,32.25,32.25,32.5,31.25,8250000,9.32%,0.322222222,TOA
9/19/2022,29.5,30.25,30.5,29.5,1010000,-2.48%,0.2,TOA
9/16/2022,30.25,30,30.5,29.75,1400000,0.83%,0.233333333,TOA
9/15/2022,30,30.5,30.5,29.5,791300,-1.64%,0.222222222,TOA
9/14/2022,30.5,30.5,30.5,30,398800,-0.81%,0.244444444,TOA
9/13/2022,30.75,31,31,30.5,241600,-0.81%,0.255555556,TOA
9/12/2022,31,31.25,31.25,30.75,955300,0.00%,0.266666667,TOA
9/9/2022,31,31.25,31.75,31,1250000,-0.80%,0.266666667,TOA
9/8/2022,31.25,30.5,31.25,30.5,2260000,3.31%,0.277777778,TOA
9/7/2022,30.25,30.5,30.75,29.75,888400,-1.63%,0.233333333,TOA
9/6/2022,30.75,30.25,30.75,30.25,349500,0.82%,0.255555556,TOA
9/5/2022,30.5,31,31,30.25,654500,-1.61%,0.244444444,TOA
9/2/2022,31,31.25,31.25,30.25,1950000,0.00%,0.266666667,TOA
9/1/2022,31,31,31,30.5,874200,0.81%,0.266666667,TOA
8/31/2022,30.75,30,31,30,4110000,2.50%,0.255555556,TOA
8/30/2022,30,29.75,30,29.5,241500,0.84%,0.222222222,TOA
8/29/2022,29.75,29,30,28.75,676800,0.00%,0.211111111,TOA
8/26/2022,29.75,30,30,29.75,744100,-0.83%,0.211111111,TOA
8/25/2022,30,30.25,30.25,29.5,774800,-0.83%,0.222222222,TOA
8/24/2022,30.25,29.25,30.25,29.25,2480000,3.42%,0.233333333,TOA
8/23/2022,29.25,29.5,29.5,29,699000,-0.85%,0.188888889,TOA
8/22/2022,29.5,29.5,30,29.25,567700,-0.84%,0.2,TOA
8/19/2022,29.75,30,30,29.75,740700,-1.65%,0.211111111,TOA
8/18/2022,30.25,30,30.25,29.75,579800,0.83%,0.233333333,TOA
8/17/2022,30,29.75,30.75,29.75,3580000,0.84%,0.222222222,TOA
8/16/2022,29.75,28.75,30,28.75,5940000,3.48%,0.211111111,TOA
8/15/2022,28.75,28.75,29,28.5,1130000,0.88%,0.166666667,TOA
8/11/2022,28.5,28.5,29,28.5,740900,0.00%,0.155555556,TOA
8/10/2022,28.5,28.75,28.75,28.5,748400,-0.87%,0.155555556,TOA
8/9/2022,28.75,28.5,28.75,27.75,1960000,0.88%,0.166666667,TOA
8/8/2022,28.5,28,29,28,1710000,1.79%,0.155555556,TOA
8/5/2022,28,28.25,28.5,28,807000,0.90%,0.133333333,TOA
8/4/2022,27.75,27.5,27.75,27.25,149900,1.83%,0.122222222,TOA
8/3/2022,27.25,27,27.5,27,184300,0.93%,0.1,TOA
8/2/2022,27,27.5,27.5,27,127500,-1.82%,0.088888889,TOA
8/1/2022,27.5,27.25,27.5,27.25,120100,0.00%,0.111111111,TOA
7/27/2022,27.5,27.5,27.5,26.75,236500,0.00%,0.111111111,TOA
7/26/2022,27.5,27.25,27.5,26.75,389600,0.92%,0.111111111,TOA
7/25/2022,27.25,26.75,27.5,26.75,208100,1.87%,0.1,TOA
7/22/2022,26.75,26.75,27,26.5,208100,0.00%,0.077777778,TOA
7/21/2022,26.75,26.5,26.75,26.5,33100,0.94%,0.077777778,TOA
7/20/2022,26.5,27,27,26.5,269600,-0.93%,0.066666667,TOA
7/19/2022,26.75,27,27,26.25,736400,-1.83%,0.077777778,TOA
7/18/2022,27.25,27,27.25,27,132100,0.93%,0.1,TOA
7/15/2022,27,27.5,27.5,26.75,159100,-1.82%,0.088888889,TOA
7/14/2022,27.5,26.75,27.5,26.75,715300,2.80%,0.111111111,TOA
7/12/2022,26.75,27.75,28,26.75,1530000,-3.60%,0.077777778,TOA
7/11/2022,27.75,27.5,28,27.5,725100,0.91%,0.122222222,TOA
7/8/2022,27.5,28.25,28.25,27.5,468900,-1.79%,0.111111111,TOA
7/7/2022,28,26.5,28,26.5,940100,5.66%,0.133333333,TOA
7/6/2022,26.5,26.5,27.25,26.5,307200,0.00%,0.066666667,TOA
7/5/2022,26.5,27,27.5,26.5,289100,-1.85%,0.066666667,TOA
7/4/2022,27,27.5,28,27,500700,-3.57%,0.088888889,TOA
7/1/2022,28,29.25,29.25,27.25,1400000,-4.27%,0.133333333,TOA
6/30/2022,29.25,28.75,29.25,28.25,2310000,2.63%,0.188888889,TOA
6/29/2022,28.5,28.75,28.75,28.25,867300,-0.87%,0.155555556,TOA
6/28/2022,28.75,28.25,28.75,28,1560000,0.88%,0.166666667,TOA
6/27/2022,28.5,28.25,28.5,28,468700,0.88%,0.155555556,TOA
6/24/2022,28.25,27.5,28.25,27.25,1490000,2.73%,0.144444444,TOA
6/23/2022,27.5,26.75,27.5,26.5,988900,2.80%,0.111111111,TOA
6/22/2022,26.75,26.25,26.75,26,315900,0.94%,0.077777778,TOA
6/21/2022,26.5,26.25,26.5,26,264200,1.92%,0.066666667,TOA
6/20/2022,26,26.25,26.25,26,172200,-0.95%,0.044444444,TOA
6/17/2022,26.25,25,26.25,25,645100,3.96%,0.055555556,TOA
6/16/2022,25.25,26.25,26.5,25.25,1350000,-2.88%,0.011111111,TOA
6/15/2022,26,26.5,26.5,26,746600,-0.95%,0.044444444,TOA
6/14/2022,26.25,26.25,26.75,26.25,300800,0.00%,0.055555556,TOA
6/13/2022,26.25,26.5,26.75,26.25,459900,-1.87%,0.055555556,TOA
6/10/2022,26.75,27,27,26.75,282400,-0.93%,0.077777778,TOA
6/9/2022,27,27.25,27.5,27,148800,-0.92%,0.088888889,TOA
6/8/2022,27.25,27.5,27.5,27,367400,-0.91%,0.1,TOA
6/7/2022,27.5,28.25,28.25,27.5,265300,-1.79%,0.111111111,TOA
6/6/2022,28,28.25,28.25,27.5,269200,0.00%,0.133333333,TOA
6/2/2022,28,28,28.25,27.75,210100,0.90%,0.133333333,TOA
6/1/2022,27.75,28.5,28.5,27.75,909200,-3.48%,0.122222222,TOA
5/31/2022,28.75,28.75,28.75,28.5,525100,2.68%,0.166666667,TOA
5/30/2022,28,28.5,28.75,28,771400,-0.88%,0.133333333,TOA
5/27/2022,28.25,28,28.25,27.75,229300,0.89%,0.144444444,TOA
5/26/2022,28,28.25,28.25,27.75,113500,-0.88%,0.133333333,TOA
5/25/2022,28.25,28.25,28.25,27.5,523000,0.89%,0.144444444,TOA
5/24/2022,28,28,28,27.5,234700,0.90%,0.133333333,TOA
5/23/2022,27.75,27.5,28,27.5,361200,1.83%,0.122222222,TOA
5/20/2022,27.25,27.75,27.75,27.25,224000,-0.91%,0.1,TOA
5/19/2022,27.5,26.5,27.75,26.5,1850000,2.80%,0.111111111,TOA
5/18/2022,26.75,27.5,28,26.75,1590000,-4.46%,0.077777778,TOA
5/17/2022,28,26.75,28,26.75,1510000,3.70%,0.133333333,TOA
5/13/2022,27,25.75,27,25.75,605000,4.85%,0.088888889,TOA
5/12/2022,25.75,26.75,26.75,25.75,1330000,-3.74%,0.033333333,TOA
5/11/2022,26.75,27.75,27.75,26.75,836100,-3.60%,0.077777778,TOA
5/10/2022,27.75,27,28,27,691800,0.00%,0.122222222,TOA
5/9/2022,27.75,27.75,27.75,27.25,351900,-1.77%,0.122222222,TOA
5/6/2022,28.25,28,28.25,27.5,388500,0.00%,0.144444444,TOA
5/5/2022,28.25,28.75,28.75,28.25,117000,-1.74%,0.144444444,TOA
5/3/2022,28.75,28.75,29.75,28.75,605300,-0.86%,0.166666667,TOA
4/29/2022,29,28.75,29,28.75,363600,0.00%,0.177777778,TOA
4/28/2022,29,28.75,29,28.5,52500,0.87%,0.177777778,TOA
4/27/2022,28.75,28.75,29,28.5,206400,-0.86%,0.166666667,TOA
4/26/2022,29,29,29.25,28.75,374100,0.87%,0.177777778,TOA
4/25/2022,28.75,29,29,28.5,297300,-0.86%,0.166666667,TOA
4/22/2022,29,29,29,28.75,46400,-0.85%,0.177777778,TOA
4/21/2022,29.25,28.5,29.25,28.5,1310000,2.63%,0.188888889,TOA
4/20/2022,28.5,28.25,28.5,28,302600,0.88%,0.155555556,TOA
4/19/2022,28.25,28.25,28.75,28.25,165500,0.89%,0.144444444,TOA
4/18/2022,28,27.75,28.5,27.75,334000,-0.88%,0.133333333,TOA
4/12/2022,28.25,28.5,28.75,28.25,161100,-0.88%,0.144444444,TOA
4/11/2022,28.5,28.75,29,28,1130000,-1.72%,0.155555556,TOA
4/8/2022,29,28.75,29,28.5,160000,1.75%,0.177777778,TOA
4/7/2022,28.5,29,29,28.5,422700,-1.72%,0.155555556,TOA
4/5/2022,29,29.5,29.5,29,417200,0.00%,0.177777778,TOA
4/4/2022,29,29.25,29.25,29,181100,0.00%,0.177777778,TOA
4/1/2022,29,29.5,29.5,29,547300,-2.52%,0.177777778,TOA
3/31/2022,29.75,29,29.75,28.75,3170000,2.59%,0.211111111,TOA
3/30/2022,29,29,29.25,28.75,1940000,0.00%,0.177777778,TOA
3/29/2022,29,28.75,29,28.5,864300,0.87%,0.177777778,TOA
3/28/2022,28.75,28.5,28.75,28.25,391400,0.88%,0.166666667,TOA
3/25/2022,28.5,28.25,28.5,28.25,714900,0.88%,0.155555556,TOA
3/24/2022,28.25,28.25,28.5,28.25,560500,-0.88%,0.144444444,TOA
3/23/2022,28.5,28.25,28.75,28.25,541200,0.00%,0.155555556,TOA
3/22/2022,28.5,28,28.5,28,628700,0.88%,0.155555556,TOA
3/21/2022,28.25,28.25,28.5,28,526600,0.89%,0.144444444,TOA
3/18/2022,28,28.25,28.5,28,1430000,-0.88%,0.133333333,TOA
3/17/2022,28.25,28.25,28.75,28.25,1700000,0.00%,0.144444444,TOA
3/16/2022,28.25,28,28.25,27.75,1330000,0.89%,0.144444444,TOA
3/15/2022,28,27.75,28.5,27.25,1180000,1.82%,0.133333333,TOA
3/14/2022,27.5,27.75,28,27.5,880400,-0.90%,0.111111111,TOA
3/11/2022,27.75,27.75,28.25,27.75,1310000,-0.89%,0.122222222,TOA
3/10/2022,28,28,29.25,27.75,5280000,2.75%,0.133333333,TOA
3/9/2022,27.25,27,27.5,25.75,3660000,1.87%,0.1,TOA
3/8/2022,26.75,27.75,27.75,26.25,4280000,-3.60%,0.077777778,TOA
3/7/2022,27.75,28,28.25,27,3850000,-2.63%,0.122222222,TOA
3/4/2022,28.5,28.25,28.75,28.25,802600,1.79%,0.155555556,TOA
3/3/2022,28,28.25,28.5,27.75,2810000,-0.88%,0.133333333,TOA
3/2/2022,28.25,29,29,28.25,2900000,-2.59%,0.144444444,TOA
3/1/2022,29,29,29.75,29,2280000,0.00%,0.177777778,TOA
2/28/2022,29,29,29.25,28.75,1270000,0.00%,0.177777778,TOA
2/25/2022,29,29,29.75,29,3600000,0.87%,0.177777778,TOA
2/24/2022,28.75,29,29.25,28.5,2270000,-1.71%,0.166666667,TOA
2/23/2022,29.25,29.75,29.75,29,1910000,-1.68%,0.188888889,TOA
2/22/2022,29.75,29.75,30,29.5,610600,-0.83%,0.211111111,TOA
2/21/2022,30,29.75,30,29,2390000,0.00%,0.222222222,TOA
2/18/2022,30,30.25,30.25,29.5,909700,0.00%,0.222222222,TOA
2/17/2022,30,30,30.5,29.75,601600,0.84%,0.222222222,TOA
2/15/2022,29.75,29.5,30,29.25,1030000,0.85%,0.211111111,TOA
2/14/2022,29.5,30,30.25,29.5,1410000,-1.67%,0.2,TOA
2/11/2022,30,30.5,30.5,30,484500,-1.64%,0.222222222,TOA
2/10/2022,30.5,30.25,30.5,30,354800,0.83%,0.244444444,TOA
2/9/2022,30.25,30.25,30.75,30.25,958500,0.00%,0.233333333,TOA
2/8/2022,30.25,30.5,30.5,30.25,111800,-0.82%,0.233333333,TOA
2/7/2022,30.5,30.25,30.5,30.25,175000,0.83%,0.244444444,TOA
2/4/2022,30.25,30.5,30.75,30,881600,-0.82%,0.233333333,TOA
2/3/2022,30.5,30,31,30,2190000,1.67%,0.244444444,TOA
2/2/2022,30,30.5,30.5,29.75,1510000,-0.83%,0.222222222,TOA
2/1/2022,30.25,30.75,30.75,30,853000,-0.82%,0.233333333,TOA
1/31/2022,30.5,30.5,30.5,30,365800,0.00%,0.244444444,TOA
1/28/2022,30.5,30.25,30.5,29,6710000,0.83%,0.244444444,TOA
1/27/2022,30.25,30,30.5,29.75,682900,1.68%,0.233333333,TOA
1/26/2022,29.75,30.25,30.75,29.75,1470000,-1.65%,0.211111111,TOA
1/25/2022,30.25,30.5,30.5,30.25,854700,-1.63%,0.233333333,TOA
1/24/2022,30.75,30.75,30.75,30.5,277000,0.00%,0.255555556,TOA
1/21/2022,30.75,30.5,30.75,30.5,191300,0.82%,0.255555556,TOA
1/20/2022,30.5,30.5,31,30.5,345300,-0.81%,0.244444444,TOA
1/19/2022,30.75,30.5,30.75,30.25,2400000,0.00%,0.255555556,TOA
1/18/2022,30.75,30.75,31,30.5,1140000,0.00%,0.255555556,TOA
1/17/2022,30.75,31,31.25,30.75,1480000,-1.60%,0.255555556,TOA
1/14/2022,31.25,31.25,31.75,31,712400,0.00%,0.277777778,TOA
1/13/2022,31.25,31.25,31.75,31.25,998500,0.00%,0.277777778,TOA
1/12/2022,31.25,31.25,31.5,30.75,4780000,0.81%,0.277777778,TOA
1/11/2022,31,31.25,31.5,31,2950000,-0.80%,0.266666667,TOA
1/10/2022,31.25,31.75,31.75,31.25,884900,-0.79%,0.277777778,TOA
1/7/2022,31.5,32.25,32.25,31.5,925200,-1.56%,0.288888889,TOA
1/6/2022,32,31.75,32.25,31.5,645300,0.79%,0.311111111,TOA
1/5/2022,31.75,31.75,32.25,31.75,966500,-0.78%,0.3,TOA
1/4/2022,32,32,32.25,32,424000,0.00%,0.311111111,TOA
12/30/2021,32,32.25,32.5,32,737400,-1.54%,0.311111111,TOA
12/29/2021,32.5,31.5,32.75,31.5,3900000,2.36%,0.333333333,TOA
12/28/2021,31.75,31.75,32,31.5,722500,0.00%,0.3,TOA
12/27/2021,31.75,31.75,32,31.75,199300,-0.78%,0.3,TOA
12/24/2021,32,32.25,32.25,31.5,2190000,0.00%,0.311111111,TOA
12/23/2021,32,32.25,32.25,31.75,1470000,0.00%,0.311111111,TOA
12/22/2021,32,32.5,32.5,32,396300,-0.78%,0.311111111,TOA
12/21/2021,32.25,32.25,32.5,31.75,1920000,0.00%,0.322222222,TOA
12/20/2021,32.25,32.5,32.75,32.25,658200,-0.77%,0.322222222,TOA
12/17/2021,32.5,33,33,32.5,367100,-0.76%,0.333333333,TOA
12/16/2021,32.75,33,33.25,32.75,1750000,-1.50%,0.344444444,TOA
12/15/2021,33.25,32.5,33.25,32.5,664300,2.31%,0.366666667,TOA
12/14/2021,32.5,32.5,32.75,32.25,1090000,-0.76%,0.333333333,TOA
12/13/2021,32.75,33,33.25,32.75,246700,-0.76%,0.344444444,TOA
12/9/2021,33,33,33.25,32.5,490800,0.76%,0.355555556,TOA
12/8/2021,32.75,32.5,33.25,32.5,1580000,0.77%,0.344444444,TOA
12/7/2021,32.5,33,33,32.5,1180000,-1.52%,0.333333333,TOA
12/3/2021,33,33.5,33.5,33,225600,-1.49%,0.355555556,TOA
12/2/2021,33.5,32.75,33.5,32.5,985900,2.29%,0.377777778,TOA
12/1/2021,32.75,33,33,32.5,959200,1.55%,0.344444444,TOA
11/30/2021,32.25,32.75,33.25,32.25,2030000,-1.53%,0.322222222,TOA
11/29/2021,32.75,33,33.5,32.75,1400000,-2.24%,0.344444444,TOA
11/26/2021,33.5,33.5,33.5,32.75,2340000,0.00%,0.377777778,TOA
11/25/2021,33.5,34,34.25,33.5,987600,-1.47%,0.377777778,TOA
11/24/2021,34,33.75,34.5,33.5,2940000,0.74%,0.4,TOA
11/23/2021,33.75,35,35,33.5,2820000,-3.57%,0.388888889,TOA
11/22/2021,35,34.75,35,34.25,2590000,0.72%,0.444444444,TOA
11/19/2021,34.75,33.75,34.75,33.5,3650000,2.96%,0.433333333,TOA
11/18/2021,33.75,33.5,34,33.5,617100,0.75%,0.388888889,TOA
11/17/2021,33.5,33.75,34,33.25,1070000,-0.74%,0.377777778,TOA
11/16/2021,33.75,33.75,34,33,1900000,1.50%,0.388888889,TOA
11/15/2021,33.25,33.5,33.5,33,1270000,-0.75%,0.366666667,TOA
11/12/2021,33.5,34,34,33.25,841400,-1.47%,0.377777778,TOA
11/11/2021,34,33,34,32.75,3450000,1.49%,0.4,TOA
11/10/2021,33.5,32.25,33.5,32,2160000,4.69%,0.377777778,TOA
11/9/2021,32,32,32.25,31.75,463700,0.00%,0.311111111,TOA
11/8/2021,32,32,32.25,31.75,812800,0.00%,0.311111111,TOA
11/5/2021,32,32.25,32.25,32,841500,0.00%,0.311111111,TOA
11/4/2021,32,32.25,32.5,32,777900,-1.54%,0.311111111,TOA
11/3/2021,32.5,32.25,32.5,32,586300,0.78%,0.333333333,TOA
11/2/2021,32.25,32.25,32.25,32,933300,0.78%,0.322222222,TOA
11/1/2021,32,32.75,32.75,32,2230000,-3.03%,0.311111111,TOA
10/29/2021,33,32.5,33,32.25,2660000,0.76%,0.355555556,TOA
10/28/2021,32.75,33,33.75,32.75,10360000,1.55%,0.344444444,TOA
10/27/2021,32.25,32.25,32.5,32,1180000,0.00%,0.322222222,TOA
10/26/2021,32.25,32.5,32.75,32.25,1380000,-0.77%,0.322222222,TOA
10/25/2021,32.5,33.25,33.25,32.25,3060000,-2.26%,0.333333333,TOA
10/21/2021,33.25,32.75,33.25,32.5,3460000,0.76%,0.366666667,TOA
10/20/2021,33,33,33.25,32.75,1160000,0.00%,0.355555556,TOA
10/19/2021,33,33.25,33.5,33,669100,-0.75%,0.355555556,TOA
10/18/2021,33.25,33.5,33.5,33.25,360700,-0.75%,0.366666667,TOA
10/15/2021,33.5,33,33.5,33,1040000,0.75%,0.377777778,TOA
10/14/2021,33.25,33,33.5,33,903600,0.76%,0.366666667,TOA
10/12/2021,33,33,33.5,33,1100000,0.00%,0.355555556,TOA
10/11/2021,33,33,33.5,33,1440000,-0.75%,0.355555556,TOA
10/8/2021,33.25,33,33.5,33,1350000,0.00%,0.366666667,TOA
10/7/2021,33.25,33,33.25,32.75,633000,1.53%,0.366666667,TOA
10/6/2021,32.75,33,33,32.75,688200,-1.50%,0.344444444,TOA
10/5/2021,33.25,32.75,33.25,32.75,901700,0.76%,0.366666667,TOA
10/4/2021,33,33.25,33.5,32.75,943800,0.00%,0.355555556,TOA
10/1/2021,33,33.25,33.5,32.75,1430000,-1.49%,0.355555556,TOA
9/30/2021,33.5,33.75,33.75,33,1840000,-0.74%,0.377777778,TOA
9/29/2021,33.75,32.5,33.75,32.5,3600000,2.27%,0.388888889,TOA
9/28/2021,33,33,33.25,32.25,5030000,0.76%,0.355555556,TOA
9/27/2021,32.75,33,33.75,32.75,2370000,0.00%,0.344444444,TOA
9/23/2021,32.75,33,33.25,32.5,2580000,-0.76%,0.344444444,TOA
9/22/2021,33,33.25,33.25,33,427900,-0.75%,0.355555556,TOA
9/21/2021,33.25,33,33.25,32.75,1200000,0.76%,0.366666667,TOA
9/20/2021,33,33.5,33.5,33,686600,-1.49%,0.355555556,TOA
9/17/2021,33.5,33.75,33.75,33.25,1200000,0.00%,0.377777778,TOA
9/16/2021,33.5,33.75,33.75,33.25,2270000,-0.74%,0.377777778,TOA
9/15/2021,33.75,33.75,34,33.75,836600,0.75%,0.388888889,TOA
9/14/2021,33.5,34.25,34.25,33.5,958000,-2.19%,0.377777778,TOA
9/13/2021,34.25,34,34.5,33.75,918700,0.74%,0.411111111,TOA
9/10/2021,34,34.25,34.25,34,859100,-0.73%,0.4,TOA
9/9/2021,34.25,34.75,35,34.25,703800,-1.44%,0.411111111,TOA
9/8/2021,34.75,35.5,35.5,34.5,1810000,-1.42%,0.433333333,TOA
9/7/2021,35.25,34.75,35.5,34.75,2590000,0.71%,0.455555556,TOA
9/6/2021,35,33.75,35.25,33.75,2570000,3.70%,0.444444444,TOA
9/3/2021,33.75,33.75,34.25,33.5,838800,0.75%,0.388888889,TOA
9/2/2021,33.5,33.5,34,33.25,1170000,-0.74%,0.377777778,TOA
9/1/2021,33.75,34.25,34.25,33.25,3790000,-1.46%,0.388888889,TOA
8/31/2021,34.25,34.5,34.5,33.75,4280000,-1.44%,0.411111111,TOA
8/30/2021,34.75,33.5,34.75,33.25,3860000,4.51%,0.433333333,TOA
8/27/2021,33.25,33.5,33.75,33.25,1820000,-1.48%,0.366666667,TOA
8/26/2021,33.75,33.75,34,33.5,1580000,0.00%,0.388888889,TOA
8/25/2021,33.75,33.25,34,33.25,2990000,1.50%,0.388888889,TOA
8/24/2021,33.25,33.75,34,33.25,2920000,-0.75%,0.366666667,TOA
8/23/2021,33.5,33.5,33.75,33.25,2300000,0.75%,0.377777778,TOA
8/20/2021,33.25,33.5,33.75,33,1540000,-0.75%,0.366666667,TOA
8/19/2021,33.5,33.5,33.75,33,1670000,-0.74%,0.377777778,TOA
8/18/2021,33.75,33.25,34,33.25,1020000,1.50%,0.388888889,TOA
8/17/2021,33.25,34.25,34.25,33,1410000,-2.21%,0.366666667,TOA
8/16/2021,34,33.5,34,33.25,1650000,0.74%,0.4,TOA
8/13/2021,33.75,34.25,34.5,33.75,717900,-2.17%,0.388888889,TOA
8/11/2021,34.5,33.75,34.5,33.5,1440000,2.22%,0.422222222,TOA
8/10/2021,33.75,35,35.25,33.5,3360000,-3.57%,0.388888889,TOA
8/9/2021,35,35.25,35.75,34.75,864000,0.00%,0.444444444,TOA
8/6/2021,35,34.75,35.25,34.25,1350000,0.72%,0.444444444,TOA
8/5/2021,34.75,35.25,36,34.5,1990000,-2.11%,0.433333333,TOA
8/4/2021,35.5,35.75,36.25,35.25,1210000,-0.70%,0.466666667,TOA
8/3/2021,35.75,35.5,36,35.5,2090000,0.00%,0.477777778,TOA
8/2/2021,35.75,35.75,36,35,1720000,-0.69%,0.477777778,TOA
7/30/2021,36,35,36,34.5,2430000,2.86%,0.488888889,TOA
7/29/2021,35,36.25,36.25,34.75,2290000,-3.45%,0.444444444,TOA
7/27/2021,36.25,35.5,36.25,35,3290000,2.11%,0.5,TOA
7/23/2021,35.5,35,35.5,34.75,2920000,1.43%,0.466666667,TOA
7/22/2021,35,35.25,35.5,34.75,3310000,-0.71%,0.444444444,TOA
7/21/2021,35.25,34.25,35.25,34,6970000,3.68%,0.455555556,TOA
7/20/2021,34,33.25,34,32.75,2290000,1.49%,0.4,TOA
7/19/2021,33.5,33.5,33.75,32.5,3290000,-2.19%,0.377777778,TOA
7/16/2021,34.25,34,34.5,33.5,1960000,1.48%,0.411111111,TOA
7/15/2021,33.75,34.5,34.5,33.5,2480000,-1.46%,0.388888889,TOA
7/14/2021,34.25,33.25,34.25,32.5,5790000,4.58%,0.411111111,TOA
7/13/2021,32.75,32,33,32,2530000,3.15%,0.344444444,TOA
7/12/2021,31.75,32,32.25,31.75,1080000,-0.78%,0.3,TOA
7/9/2021,32,32,32.5,31.5,4400000,-2.29%,0.311111111,TOA
7/8/2021,32.75,32.25,32.75,31.75,4310000,0.00%,0.344444444,TOA
7/7/2021,32.75,32.5,32.75,32.25,1350000,0.00%,0.344444444,TOA
7/6/2021,32.75,32.5,33.25,32.25,1960000,0.77%,0.344444444,TOA
7/5/2021,32.5,32.75,33,32,1220000,-1.52%,0.333333333,TOA
7/2/2021,33,34,34,32.5,3000000,-2.22%,0.355555556,TOA
7/1/2021,33.75,33,34,32.25,7250000,3.05%,0.388888889,TOA
6/30/2021,32.75,32.25,32.75,31.75,12370000,3.15%,0.344444444,TOA
6/29/2021,31.75,31.5,32.75,31.5,7730000,0.79%,0.3,TOA
6/28/2021,31.5,32.25,32.5,31.25,6370000,-3.82%,0.288888889,TOA
6/25/2021,32.75,33,33.25,32.25,2240000,0.00%,0.344444444,TOA
6/24/2021,32.75,32.5,33.25,32.25,4950000,0.00%,0.344444444,TOA
6/23/2021,32.75,33.25,33.5,32.5,4000000,-0.76%,0.344444444,TOA
6/22/2021,33,33,33.75,33,3720000,0.00%,0.355555556,TOA
6/21/2021,33,34,34.25,33,2740000,-2.94%,0.355555556,TOA
6/18/2021,34,33.75,34.5,33.5,4310000,0.00%,0.4,TOA
6/17/2021,34,34.75,34.75,33.5,6260000,-2.86%,0.4,TOA
6/16/2021,35,34.75,35.25,34.25,2160000,0.72%,0.444444444,TOA
6/15/2021,34.75,35,35.25,34.5,1810000,-0.71%,0.433333333,TOA
6/14/2021,35,35.25,35.5,34.75,2370000,-1.41%,0.444444444,TOA
6/11/2021,35.5,36,36,35,3130000,-1.39%,0.466666667,TOA
6/10/2021,36,35.75,36.25,35.5,2020000,1.41%,0.488888889,TOA
6/9/2021,35.5,35.75,36,35.25,2810000,0.00%,0.466666667,TOA
6/8/2021,35.5,36.25,36.75,35.5,3290000,-2.74%,0.466666667,TOA
6/7/2021,36.5,37.25,37.75,36.25,2200000,-1.35%,0.511111111,TOA
6/4/2021,37,36.5,37.75,36.5,3130000,-0.67%,0.533333333,TOA
6/2/2021,37.25,37.75,38,36.75,5140000,-1.97%,0.544444444,TOA
6/1/2021,38,38.25,38.25,37.5,2910000,1.33%,0.577777778,TOA
5/31/2021,37.5,37.5,38.5,37.25,4120000,0.67%,0.555555556,TOA
5/28/2021,37.25,38,38.5,36.75,6160000,-1.97%,0.544444444,TOA
5/27/2021,38,37.25,39.75,37,21010000,3.40%,0.577777778,TOA
5/25/2021,36.75,36,36.75,35.75,8600000,3.52%,0.522222222,TOA
5/24/2021,35.5,35,36,35,4460000,2.16%,0.466666667,TOA
5/21/2021,34.75,35.5,35.5,34.25,6950000,-1.42%,0.433333333,TOA
5/20/2021,35.25,35,37,34.5,10860000,1.44%,0.455555556,TOA
5/19/2021,34.75,35,35.75,34.5,4120000,-1.42%,0.433333333,TOA
5/18/2021,35.25,36,36.25,34.5,4570000,-0.70%,0.455555556,TOA
5/17/2021,35.5,36,36.5,35.25,5340000,-2.07%,0.466666667,TOA
5/14/2021,36.25,33.75,36.75,33.5,18870000,9.85%,0.5,TOA
5/13/2021,33,33.25,34,32,3040000,-1.49%,0.355555556,TOA
5/12/2021,33.5,33,34,33,1930000,1.52%,0.377777778,TOA
5/11/2021,33,33.25,34,32.5,3780000,-2.22%,0.355555556,TOA
5/10/2021,33.75,34,34,33.25,2780000,1.50%,0.388888889,TOA
5/7/2021,33.25,33,33.75,33,1970000,0.76%,0.366666667,TOA
5/6/2021,33,33.75,33.75,32.75,2430000,-2.22%,0.355555556,TOA
5/5/2021,33.75,34,34.25,32.75,5290000,-2.17%,0.388888889,TOA
4/30/2021,34.5,34.5,34.75,34,4190000,-0.72%,0.422222222,TOA
4/29/2021,34.75,33.5,34.75,33.5,4230000,2.96%,0.433333333,TOA
4/28/2021,33.75,33.75,34.75,33.5,9360000,0.75%,0.388888889,TOA
4/27/2021,33.5,33.25,34,33,11120000,2.29%,0.377777778,TOA
4/26/2021,32.75,30.75,32.75,30.5,6030000,6.50%,0.344444444,TOA
4/23/2021,30.75,31,31,30.5,2380000,-0.81%,0.255555556,TOA
4/22/2021,31,32,32,31,1800000,-3.13%,0.266666667,TOA
4/21/2021,32,31.25,32,31.25,1240000,1.59%,0.311111111,TOA
4/20/2021,31.5,31.25,31.75,31.25,791600,0.80%,0.288888889,TOA
4/19/2021,31.25,30.75,31.75,30.75,1720000,2.46%,0.277777778,TOA
4/16/2021,30.5,30.5,30.75,30.5,766500,-0.81%,0.244444444,TOA
4/12/2021,30.75,30.75,31,30.5,1590000,0.00%,0.255555556,TOA
4/9/2021,30.75,31,31,30.75,1140000,-0.81%,0.255555556,TOA
4/8/2021,31,31.25,31.5,30.75,2250000,-0.80%,0.266666667,TOA
4/7/2021,31.25,31.75,31.75,31.25,1550000,-1.57%,0.277777778,TOA
4/5/2021,31.75,32,32,31.75,764500,-0.78%,0.3,TOA
4/2/2021,32,32.25,32.5,32,1160000,-0.78%,0.311111111,TOA
4/1/2021,32.25,32,32.5,31.75,2000000,1.57%,0.322222222,TOA
3/31/2021,31.75,32.25,32.5,31.75,1950000,-1.55%,0.3,TOA
3/30/2021,32.25,32.5,32.5,32,1550000,0.00%,0.322222222,TOA
3/29/2021,32.25,32.25,32.5,32,937000,0.78%,0.322222222,TOA
3/26/2021,32,32.25,32.5,32,1200000,0.00%,0.311111111,TOA
3/25/2021,32,32.5,32.75,31.75,3770000,0.00%,0.311111111,TOA
3/24/2021,32,31.75,32.75,31.5,5250000,0.00%,0.311111111,TOA
3/23/2021,32,32.5,32.75,31.5,3590000,-1.54%,0.311111111,TOA
3/22/2021,32.5,32.75,33,32.5,1030000,-0.76%,0.333333333,TOA
3/19/2021,32.75,32.25,32.75,32,1320000,1.55%,0.344444444,TOA
3/18/2021,32.25,33,33,32.25,910100,-1.53%,0.322222222,TOA
3/17/2021,32.75,32,32.75,32,1460000,2.34%,0.344444444,TOA
3/16/2021,32,32.25,32.75,32,1530000,-0.78%,0.311111111,TOA
3/15/2021,32.25,33,33.25,32.25,2970000,-1.53%,0.322222222,TOA
3/12/2021,32.75,33,33.25,32.5,1890000,-1.50%,0.344444444,TOA
3/11/2021,33.25,32.25,33.25,32.25,5170000,3.91%,0.366666667,TOA
3/10/2021,32,31.75,32.25,31.75,1810000,0.00%,0.311111111,TOA
3/9/2021,32,31.25,32,31.25,2000000,2.40%,0.311111111,TOA
3/8/2021,31.25,32,32.5,31.25,2990000,-2.34%,0.277777778,TOA
3/5/2021,32,31.5,32.5,31,3310000,0.79%,0.311111111,TOA
3/4/2021,31.75,31.5,31.75,31.25,1470000,0.00%,0.3,TOA
3/3/2021,31.75,31,32,31,6060000,3.25%,0.3,TOA
3/2/2021,30.75,30.5,31,30.25,2540000,1.65%,0.255555556,TOA
3/1/2021,30.25,31.25,31.25,30.25,3680000,-3.20%,0.233333333,TOA
2/25/2021,31.25,31.5,31.75,31.25,1590000,0.00%,0.277777778,TOA
2/24/2021,31.25,32,32,31.25,1630000,-2.34%,0.277777778,TOA
2/23/2021,32,31.5,32,31.5,1500000,1.59%,0.311111111,TOA
2/22/2021,31.5,32.75,32.75,31.5,2390000,-3.82%,0.288888889,TOA
2/19/2021,32.75,31.75,32.75,31.75,1970000,2.34%,0.344444444,TOA
2/18/2021,32,32.25,32.5,32,1310000,-0.78%,0.311111111,TOA
2/17/2021,32.25,32.25,32.75,32,1500000,0.00%,0.322222222,TOA
2/16/2021,32.25,32.5,33.25,32.25,2810000,-0.77%,0.322222222,TOA
2/15/2021,32.5,33.5,33.5,32.5,1050000,-2.26%,0.333333333,TOA
2/11/2021,33.25,34,34,32.75,2310000,-1.48%,0.366666667,TOA
2/10/2021,33.75,32.75,33.75,32.5,3000000,3.05%,0.388888889,TOA
2/9/2021,32.75,32.25,33.25,32.25,2450000,1.55%,0.344444444,TOA
2/8/2021,32.25,32.25,32.75,32.25,2270000,0.78%,0.322222222,TOA
2/5/2021,32,31.75,32.25,31.75,1390000,0.79%,0.311111111,TOA
2/4/2021,31.75,31.5,32,31.5,2030000,0.79%,0.3,TOA
2/3/2021,31.5,31.75,32,31.5,4410000,-0.79%,0.288888889,TOA
2/2/2021,31.75,32.25,32.25,31.5,4500000,-0.78%,0.3,TOA
2/1/2021,32,32.25,32.75,31.75,3000000,0.00%,0.311111111,TOA
1/29/2021,32,32.5,32.75,31.75,2450000,-0.78%,0.311111111,TOA
1/28/2021,32.25,32.75,33,32.25,2130000,-2.27%,0.322222222,TOA
1/27/2021,33,33.25,33.75,33,1500000,-0.75%,0.355555556,TOA
1/26/2021,33.25,33.5,33.75,33,1440000,-1.48%,0.366666667,TOA
1/25/2021,33.75,32.75,33.75,32.75,1870000,2.27%,0.388888889,TOA
1/22/2021,33,33.75,34,32.75,4450000,-2.94%,0.355555556,TOA
1/21/2021,34,34.75,35,34,1610000,-1.45%,0.4,TOA
1/20/2021,34.5,35,35,34.5,965500,-0.72%,0.422222222,TOA
1/19/2021,34.75,34.75,35,34.5,1120000,0.00%,0.433333333,TOA
1/18/2021,34.75,35.5,35.5,34.5,2230000,-1.42%,0.433333333,TOA
1/15/2021,35.25,35.5,35.75,35,4500000,0.00%,0.455555556,TOA
1/14/2021,35.25,35,35.5,34.25,4810000,1.44%,0.455555556,TOA
1/13/2021,34.75,34,35,34,3130000,2.21%,0.433333333,TOA
1/12/2021,34,34.25,34.5,33.75,1920000,-0.73%,0.4,TOA
1/11/2021,34.25,34.25,34.5,34,1170000,0.00%,0.411111111,TOA
1/8/2021,34.25,34.25,34.5,34,2160000,0.74%,0.411111111,TOA
1/7/2021,34,34.25,34.5,33.75,2570000,-0.73%,0.4,TOA
1/6/2021,34.25,34.25,35,33.75,7150000,0.74%,0.411111111,TOA
1/5/2021,34,33.75,34.25,33.5,3600000,0.74%,0.4,TOA
1/4/2021,33.75,33.25,34.25,33,2790000,0.75%,0.388888889,TOA
12/30/2020,33.5,33.25,33.75,32.75,3020000,0.00%,0.377777778,TOA
12/29/2020,33.5,33.75,33.75,32.75,2360000,0.00%,0.377777778,TOA
12/28/2020,33.5,34.5,34.5,33.5,2100000,-1.47%,0.377777778,TOA
12/25/2020,34,34.25,34.5,33.75,1890000,0.00%,0.4,TOA
12/24/2020,34,32.5,34.25,32.5,3130000,5.43%,0.4,TOA
12/23/2020,32.25,33,33.5,32,1790000,-1.53%,0.322222222,TOA
12/22/2020,32.75,32,33.25,31.75,2770000,2.34%,0.344444444,TOA
12/21/2020,32,33.5,34.5,32,4430000,-7.25%,0.311111111,TOA
12/18/2020,34.5,34,34.75,34,2110000,1.47%,0.422222222,TOA
12/17/2020,34,35,35.25,34,5670000,-1.45%,0.4,TOA
12/16/2020,34.5,35.5,35.5,34.5,4540000,-2.13%,0.422222222,TOA
12/15/2020,35.25,35.25,35.5,35,717700,0.00%,0.455555556,TOA
12/14/2020,35.25,35.25,35.5,35,2030000,0.00%,0.455555556,TOA
12/9/2020,35.25,36.25,37.25,35.25,7350000,-1.40%,0.455555556,TOA
12/8/2020,35.75,35.5,36,34.5,6170000,-0.69%,0.477777778,TOA
12/4/2020,36,35.25,36,35,4010000,2.13%,0.488888889,TOA
12/3/2020,35.25,35.25,35.75,35,3210000,0.00%,0.455555556,TOA
12/2/2020,35.25,35.75,36,34.75,3040000,-2.08%,0.455555556,TOA
12/1/2020,36,37.25,37.25,36,1410000,-2.70%,0.488888889,TOA
11/30/2020,37,37,37,36.25,828100,0.00%,0.533333333,TOA
11/27/2020,37,38.5,38.75,36.75,1310000,-1.99%,0.533333333,TOA
11/26/2020,37.75,37.25,37.75,37.25,2430000,2.03%,0.566666667,TOA
11/25/2020,37,37.5,37.75,36.75,3350000,0.68%,0.533333333,TOA
11/24/2020,36.75,35.75,37.5,35.25,11040000,4.26%,0.522222222,TOA
11/23/2020,35.25,34.25,35.5,34.25,5070000,2.17%,0.455555556,TOA
11/20/2020,34.5,34.5,35,34,3260000,-0.72%,0.422222222,TOA
11/19/2020,34.75,35,35.25,34.25,2340000,0.00%,0.433333333,TOA
11/18/2020,34.75,34.5,35,34.25,2270000,1.46%,0.433333333,TOA
11/17/2020,34.25,34,34.75,33.75,2230000,0.00%,0.411111111,TOA
11/16/2020,34.25,34.75,35.25,34.25,1440000,0.74%,0.411111111,TOA
11/13/2020,34,33.75,34.75,33.5,1590000,-0.73%,0.4,TOA
11/12/2020,34.25,34.5,34.75,34.25,743900,1.48%,0.411111111,TOA
11/11/2020,33.75,35.25,35.25,33.75,2400000,-2.88%,0.388888889,TOA
11/10/2020,34.75,33.5,34.75,33.5,2050000,1.46%,0.433333333,TOA
11/9/2020,34.25,34.25,35,33.75,2570000,2.24%,0.411111111,TOA
11/6/2020,33.5,34.5,34.75,33.5,1510000,-2.90%,0.377777778,TOA
11/5/2020,34.5,34,35,33.75,2390000,2.99%,0.422222222,TOA
11/4/2020,33.5,33.5,34,33.25,567000,-1.47%,0.377777778,TOA
11/3/2020,34,32.75,34,32.5,1350000,4.62%,0.4,TOA
11/2/2020,32.5,32.25,32.75,31.75,923900,0.78%,0.333333333,TOA
10/30/2020,32.25,33,33.25,32,993700,-2.27%,0.322222222,TOA
10/29/2020,33,32.25,33,32.25,509900,1.54%,0.355555556,TOA
10/28/2020,32.5,32.5,33.5,32.25,1400000,-0.76%,0.333333333,TOA
10/27/2020,32.75,31.5,33.25,31.5,2600000,2.34%,0.344444444,TOA
10/26/2020,32,33,33.5,32,1770000,-3.76%,0.311111111,TOA
10/22/2020,33.25,32.5,34.5,32.5,1460000,0.76%,0.366666667,TOA
10/21/2020,33,33.75,34,32.75,946600,-2.22%,0.355555556,TOA
10/20/2020,33.75,32.5,34,32.5,2120000,3.05%,0.388888889,TOA
10/19/2020,32.75,33.75,33.75,32.5,1650000,-2.96%,0.344444444,TOA
10/16/2020,33.75,34.75,34.75,33.75,1080000,-2.17%,0.388888889,TOA
10/15/2020,34.5,35.25,35.25,34.25,1560000,-3.50%,0.422222222,TOA
10/14/2020,35.75,35.5,35.75,35,833500,0.00%,0.477777778,TOA
10/12/2020,35.75,35,36,35,1430000,2.88%,0.477777778,TOA
10/9/2020,34.75,35.25,35.75,34.5,2900000,-1.42%,0.433333333,TOA
10/8/2020,35.25,36,36.25,35.25,2540000,-2.08%,0.455555556,TOA
10/7/2020,36,36.25,36.5,36,1970000,-1.37%,0.488888889,TOA
10/6/2020,36.5,37,37.75,35.5,3900000,-1.35%,0.511111111,TOA
10/5/2020,37,37.25,37.25,36.5,1280000,-0.67%,0.533333333,TOA
10/2/2020,37.25,37.75,38,37.25,1060000,-1.32%,0.544444444,TOA
10/1/2020,37.75,38,38.5,37.5,1580000,0.00%,0.566666667,TOA
9/30/2020,37.75,39,39.25,37.75,774100,-3.21%,0.566666667,TOA
9/29/2020,39,38.25,39,38,704200,1.30%,0.622222222,TOA
9/28/2020,38.5,38.25,40,37.75,2830000,1.32%,0.6,TOA
9/25/2020,38,37.25,38,36.75,1300000,2.70%,0.577777778,TOA
9/24/2020,37,37.5,37.75,36.25,2650000,0.00%,0.533333333,TOA
9/23/2020,37,36.5,37.25,36.5,2540000,2.78%,0.533333333,TOA
9/22/2020,36,35.5,36.5,35.25,1560000,0.00%,0.488888889,TOA
9/21/2020,36,37,38,35.5,2560000,0.00%,0.488888889,TOA
9/18/2020,36,35.75,36.75,35.5,545200,1.41%,0.488888889,TOA
9/17/2020,35.5,35.25,35.75,35,1310000,-0.70%,0.466666667,TOA
9/16/2020,35.75,35.25,37,35.25,1660000,0.70%,0.477777778,TOA
9/15/2020,35.5,34.75,36,34.75,956300,2.90%,0.466666667,TOA
9/14/2020,34.5,35.25,35.25,34.5,427000,-1.43%,0.422222222,TOA
9/11/2020,35,35.75,36,35,808300,-1.41%,0.444444444,TOA
9/10/2020,35.5,36.5,36.5,35.5,757900,-1.39%,0.466666667,TOA
9/9/2020,36,35.5,36.25,35.25,2860000,-2.04%,0.488888889,TOA
9/8/2020,36.75,38,38,36.75,1050000,-3.92%,0.522222222,TOA
9/3/2020,38.25,38.75,38.75,37.5,1130000,-0.65%,0.588888889,TOA
9/2/2020,38.5,38,38.5,37.75,1740000,0.65%,0.6,TOA
9/1/2020,38.25,39,39.25,37.5,2950000,-3.16%,0.588888889,TOA
8/31/2020,39.5,38.25,39.5,38.25,1610000,3.27%,0.644444444,TOA
8/28/2020,38.25,38.75,38.75,38.25,411600,0.00%,0.588888889,TOA
8/27/2020,38.25,39.25,39.25,38.25,1990000,-3.16%,0.588888889,TOA
8/26/2020,39.5,39.25,40,39,922500,0.00%,0.644444444,TOA
8/25/2020,39.5,39.75,40,39.5,771300,-0.63%,0.644444444,TOA
8/24/2020,39.75,39,40,38.75,1350000,2.58%,0.655555556,TOA
8/21/2020,38.75,39,39.25,38.25,500800,-0.64%,0.611111111,TOA
8/20/2020,39,37.5,39.25,37.5,1410000,1.96%,0.622222222,TOA
8/19/2020,38.25,38.75,39,37.5,1840000,-1.29%,0.588888889,TOA
8/18/2020,38.75,39,39,38,2650000,-1.27%,0.611111111,TOA
8/17/2020,39.25,39.25,39.25,38.5,989200,0.64%,0.633333333,TOA
8/14/2020,39,38.75,39.25,38,933200,0.65%,0.622222222,TOA
8/13/2020,38.75,38.75,39.25,37.75,2680000,0.00%,0.611111111,TOA
8/11/2020,38.75,40,40,38.5,1430000,-1.27%,0.611111111,TOA
8/10/2020,39.25,39.5,39.75,39,1740000,0.00%,0.633333333,TOA
8/7/2020,39.25,40,40.25,39.25,1740000,-1.88%,0.633333333,TOA
8/6/2020,40,40.5,40.75,39.5,1270000,-1.23%,0.666666667,TOA
8/5/2020,40.5,40.75,41,40,1900000,0.00%,0.688888889,TOA
8/4/2020,40.5,39,41.25,39,4620000,4.52%,0.688888889,TOA
8/3/2020,38.75,38.25,39.75,38.25,782800,0.00%,0.611111111,TOA
7/31/2020,38.75,38.5,39.25,38.25,1310000,0.00%,0.611111111,TOA
7/30/2020,38.75,40,40.25,38.25,1510000,-1.27%,0.611111111,TOA
7/29/2020,39.25,38.75,39.5,38.5,907900,1.95%,0.633333333,TOA
7/24/2020,38.5,38.25,38.75,37.5,1920000,-1.28%,0.6,TOA
7/23/2020,39,38.75,39.75,38.75,1720000,0.65%,0.622222222,TOA
7/22/2020,38.75,41,41.25,38.5,1770000,-4.91%,0.611111111,TOA
7/21/2020,40.75,39.5,41,39.5,1660000,3.82%,0.7,TOA
7/20/2020,39.25,40.25,40.25,39.25,1350000,-1.26%,0.633333333,TOA
7/17/2020,39.75,39.75,40.5,39.5,1960000,0.00%,0.655555556,TOA
7/16/2020,39.75,40,40.25,39.25,1420000,-1.24%,0.655555556,TOA
7/15/2020,40.25,42,42.25,40,3720000,-3.01%,0.677777778,TOA
7/14/2020,41.5,41.25,42.25,39.75,2970000,3.11%,0.733333333,TOA
7/13/2020,40.25,41,43,39.75,5760000,0.00%,0.677777778,TOA
7/10/2020,40.25,38.5,41.5,38.5,4650000,3.87%,0.677777778,TOA
7/9/2020,38.75,37.75,39.25,37.75,2980000,3.33%,0.611111111,TOA
7/8/2020,37.5,37,38.5,36.75,1530000,2.74%,0.555555556,TOA
7/7/2020,36.5,39,39,36.5,1940000,-3.31%,0.511111111,TOA
7/3/2020,37.75,38.5,38.75,37.75,1300000,-1.95%,0.566666667,TOA
7/2/2020,38.5,38.5,39.25,37.75,4310000,2.67%,0.6,TOA
7/1/2020,37.5,36.75,37.75,36.5,3320000,2.74%,0.555555556,TOA
6/30/2020,36.5,38.25,38.25,36.5,2150000,-2.67%,0.511111111,TOA
6/29/2020,37.5,37,38.5,36.25,2270000,0.67%,0.555555556,TOA
6/26/2020,37.25,36.25,37.5,35.75,2520000,4.20%,0.544444444,TOA
6/25/2020,35.75,34.5,35.75,34.5,895500,2.14%,0.477777778,TOA
6/24/2020,35,35.75,36,34.5,1090000,-2.10%,0.444444444,TOA
6/23/2020,35.75,36.5,36.5,35.5,944300,-1.38%,0.477777778,TOA
6/22/2020,36.25,35.75,36.5,35.25,987200,1.40%,0.5,TOA
6/19/2020,35.75,35.75,36,35.5,682700,0.70%,0.477777778,TOA
6/18/2020,35.5,34.5,35.75,34.25,1060000,2.16%,0.466666667,TOA
6/17/2020,34.75,34.5,35.5,34.5,2450000,0.00%,0.433333333,TOA
6/16/2020,34.75,35.75,35.75,34.75,3080000,0.72%,0.433333333,TOA
6/15/2020,34.5,35.25,35.5,34,3190000,-2.82%,0.422222222,TOA
6/12/2020,35.5,35.75,36,35.25,1640000,-1.39%,0.466666667,TOA
6/11/2020,36,37,37.25,35.75,2250000,-3.36%,0.488888889,TOA
6/10/2020,37.25,36.25,37.5,35.75,2820000,3.47%,0.544444444,TOA
6/9/2020,36,36.75,37.5,36,4130000,-2.04%,0.488888889,TOA
6/8/2020,36.75,37,37.25,36.25,3680000,-0.68%,0.522222222,TOA
6/5/2020,37,37.75,37.75,37,2510000,-1.33%,0.533333333,TOA
6/4/2020,37.5,39.75,39.75,37.5,4420000,-2.60%,0.555555556,TOA
6/2/2020,38.5,37.25,38.5,36.75,4030000,4.76%,0.6,TOA
6/1/2020,36.75,36,37,35.75,2580000,4.26%,0.522222222,TOA
5/29/2020,35.25,35.5,36,35.25,1550000,0.00%,0.455555556,TOA
5/28/2020,35.25,36.5,36.5,35.25,1290000,-2.08%,0.455555556,TOA
5/27/2020,36,36.25,36.25,35.75,1720000,-0.69%,0.488888889,TOA
5/26/2020,36.25,37.25,37.25,36.25,1150000,-0.68%,0.5,TOA
5/25/2020,36.5,36,36.75,35.25,1400000,1.39%,0.511111111,TOA
5/22/2020,36,35.75,36,35,1470000,0.00%,0.488888889,TOA
5/21/2020,36,36.5,36.75,35.5,2060000,0.00%,0.488888889,TOA
5/20/2020,36,36,36.5,35.25,2990000,-0.69%,0.488888889,TOA
5/19/2020,36.25,36.75,37.5,36.25,2590000,-0.68%,0.5,TOA
5/18/2020,36.5,38,38,36.5,1090000,-1.35%,0.511111111,TOA
5/15/2020,37,36,37,35.5,3910000,4.23%,0.533333333,TOA
5/14/2020,35.5,35.25,36.25,35.25,1410000,-0.70%,0.466666667,TOA
5/13/2020,35.75,34.5,36.25,33.5,10240000,0.70%,0.477777778,TOA
5/12/2020,35.5,34.25,36,34.25,3710000,2.90%,0.466666667,TOA
5/11/2020,34.5,34.25,35,34,3820000,1.47%,0.422222222,TOA
5/8/2020,34,35.5,35.5,33.75,2460000,-2.16%,0.4,TOA
5/7/2020,34.75,35.75,35.75,33.25,5930000,-4.14%,0.433333333,TOA
5/5/2020,36.25,36.75,37.75,36.25,1900000,-3.33%,0.5,TOA
4/30/2020,37.5,39.25,39.25,37.25,5410000,-2.60%,0.555555556,TOA
4/29/2020,38.5,39,40.25,38,3890000,0.00%,0.6,TOA
4/28/2020,38.5,37,39,37,3600000,6.21%,0.6,TOA
4/27/2020,36.25,36.75,37,35.75,1560000,0.00%,0.5,TOA
4/24/2020,36.25,38,38,36,2800000,-2.68%,0.5,TOA
4/23/2020,37.25,37,38.25,37,2020000,0.00%,0.544444444,TOA
4/22/2020,37.25,36,38,36,2460000,2.05%,0.544444444,TOA
4/21/2020,36.5,34.75,37,34.75,1470000,2.82%,0.511111111,TOA
4/20/2020,35.5,36.5,36.5,35.5,3090000,-0.70%,0.466666667,TOA
4/17/2020,35.75,34.5,36.25,34.5,3880000,5.93%,0.477777778,TOA
4/16/2020,33.75,34,36,33.5,3970000,-1.46%,0.388888889,TOA
4/15/2020,34.25,35.75,36.5,33.75,2710000,-5.52%,0.411111111,TOA
4/14/2020,36.25,36.25,36.25,35.25,4140000,4.32%,0.5,TOA
4/13/2020,34.75,34.25,35.75,34.25,2980000,3.73%,0.433333333,TOA
4/10/2020,33.5,33.75,34.25,32.75,1220000,0.00%,0.377777778,TOA
4/9/2020,33.5,33.5,34.75,33,1540000,2.29%,0.377777778,TOA
4/8/2020,32.75,33.25,34,32.75,1110000,-3.68%,0.344444444,TOA
4/7/2020,34,32.5,34.5,31.25,3450000,9.68%,0.4,TOA
4/3/2020,31,30.75,31.5,30.75,1710000,0.81%,0.266666667,TOA
4/2/2020,30.75,30.75,31.5,30.75,2050000,0.82%,0.255555556,TOA
4/1/2020,30.5,31,31.75,30.5,1280000,-3.17%,0.244444444,TOA
3/31/2020,31.5,31,31.75,30.5,2750000,1.61%,0.288888889,TOA
3/30/2020,31,30.5,31.75,30.25,789000,0.00%,0.266666667,TOA
3/27/2020,31,30.75,31.25,30.5,1150000,2.48%,0.266666667,TOA
3/26/2020,30.25,30.25,31.75,30.25,2110000,-2.42%,0.233333333,TOA
3/25/2020,31,31,32.25,30.5,3620000,2.48%,0.266666667,TOA
3/24/2020,30.25,31,31.25,29.5,1840000,0.83%,0.233333333,TOA
3/23/2020,30,30,31.25,29.5,1230000,-5.51%,0.222222222,TOA
3/20/2020,31.75,31.75,33,30.25,3930000,4.10%,0.3,TOA
3/19/2020,30.5,29.5,31,29.25,2440000,0.83%,0.244444444,TOA
3/18/2020,30.25,31.75,32.75,29.5,2490000,-0.82%,0.233333333,TOA
3/17/2020,30.5,30,31.75,29.25,2640000,0.83%,0.244444444,TOA
3/16/2020,30.25,30.5,31.75,27.5,3240000,-3.97%,0.233333333,TOA
3/13/2020,31.5,26.5,33,25.5,7170000,-0.79%,0.288888889,TOA
3/12/2020,31.75,33.25,33.25,30.25,4490000,-10.56%,0.3,TOA
3/11/2020,35.5,35.5,35.75,33.5,2350000,0.00%,0.466666667,TOA
3/10/2020,35.5,36,36.25,34.75,2480000,0.71%,0.466666667,TOA
3/9/2020,35.25,36.75,36.75,34.5,4760000,0.71%,0.455555556,TOA
3/6/2020,35,35,35.5,34.25,2730000,0.00%,0.444444444,TOA
3/5/2020,35,34,35.75,34,4460000,4.48%,0.444444444,TOA
3/4/2020,33.5,32,34,32,2250000,4.69%,0.377777778,TOA
3/3/2020,32,31.25,32.5,30.75,5600000,4.92%,0.311111111,TOA
3/2/2020,30.5,31.75,31.75,30,2610000,-1.61%,0.244444444,TOA
2/28/2020,31,31,31.25,30.25,2430000,-3.13%,0.266666667,TOA
2/27/2020,32,31.5,32.25,30.75,1710000,2.40%,0.311111111,TOA
2/26/2020,31.25,32,32,30.5,2200000,-2.34%,0.277777778,TOA
2/25/2020,32,31,32.25,30.5,3350000,4.92%,0.311111111,TOA
2/24/2020,30.5,32.25,32.5,30.25,2860000,-7.58%,0.244444444,TOA
2/21/2020,33,32.5,33,31.25,2820000,0.00%,0.355555556,TOA
2/20/2020,33,33.75,33.75,31,3930000,-0.75%,0.355555556,TOA
2/19/2020,33.25,33.5,33.5,33,1390000,-0.75%,0.366666667,TOA
2/18/2020,33.5,33.25,33.75,33,1470000,0.00%,0.377777778,TOA
2/17/2020,33.5,34.25,34.5,33.5,1240000,-2.19%,0.377777778,TOA
2/14/2020,34.25,33.75,35,33.75,2960000,2.24%,0.411111111,TOA
2/13/2020,33.5,33.75,34,33.25,966100,-0.74%,0.377777778,TOA
2/12/2020,33.75,33.75,34.25,33,2590000,0.00%,0.388888889,TOA
2/11/2020,33.75,34.5,34.5,33.75,636200,-1.46%,0.388888889,TOA
2/7/2020,34.25,34.25,34.5,33.75,986000,-0.72%,0.411111111,TOA
2/6/2020,34.5,35.25,35.5,33,4440000,-2.13%,0.422222222,TOA
2/5/2020,35.25,35.25,36,34.75,1420000,0.00%,0.455555556,TOA
2/4/2020,35.25,35.5,35.5,34,2120000,0.00%,0.455555556,TOA
2/3/2020,35.25,36.25,36.25,34.5,1930000,-2.08%,0.455555556,TOA
1/31/2020,36,36.25,36.75,36,1300000,-1.37%,0.488888889,TOA
1/30/2020,36.5,37,37.25,36,1600000,-2.01%,0.511111111,TOA
1/29/2020,37.25,37.75,37.75,36.5,1190000,0.68%,0.544444444,TOA
1/28/2020,37,37,38,36.25,2140000,-1.33%,0.533333333,TOA
1/27/2020,37.5,37.5,37.75,36.25,2020000,-1.96%,0.555555556,TOA
1/24/2020,38.25,38,38.75,38,1650000,0.66%,0.588888889,TOA
1/23/2020,38,37.75,38.5,37.75,817100,-0.65%,0.577777778,TOA
1/22/2020,38.25,36.75,38.25,36.25,3040000,4.79%,0.588888889,TOA
1/21/2020,36.5,35.75,37,35.5,2460000,0.00%,0.511111111,TOA
1/20/2020,36.5,37.25,37.75,36.25,2400000,-2.01%,0.511111111,TOA
1/17/2020,37.25,38,39,37,3540000,-1.32%,0.544444444,TOA
1/16/2020,37.75,37.75,38.5,37.5,2910000,0.00%,0.566666667,TOA
1/15/2020,37.75,36.75,38.5,36.5,2850000,2.72%,0.566666667,TOA
1/14/2020,36.75,37,37.5,36.75,1290000,0.00%,0.522222222,TOA
1/13/2020,36.75,38,38.5,36.75,2330000,-2.00%,0.522222222,TOA
1/10/2020,37.5,37.75,38,37.5,923400,-1.32%,0.555555556,TOA
1/9/2020,38,37,39,37,3770000,4.83%,0.577777778,TOA
1/8/2020,36.25,36.75,37.5,35.5,2610000,-3.33%,0.5,TOA
1/7/2020,37.5,37.25,37.5,36,2710000,1.35%,0.555555556,TOA
1/6/2020,37,37.5,37.75,36.75,2090000,-3.27%,0.533333333,TOA
1/3/2020,38.25,39.25,39.25,38.25,4150000,-2.55%,0.588888889,TOA
1/2/2020,39.25,39.5,40.25,39,1730000,0.00%,0.633333333,TOA
12/30/2019,39.25,39,39.5,38.25,2400000,0.00%,0.633333333,TOA
12/27/2019,39.25,39.5,40.25,38.75,2480000,0.00%,0.633333333,TOA
12/26/2019,39.25,39.75,40.5,38.5,3020000,-0.63%,0.633333333,TOA
12/25/2019,39.5,39,40,39,966700,0.64%,0.644444444,TOA
12/24/2019,39.25,40,40.5,39.25,878100,-1.26%,0.633333333,TOA
12/23/2019,39.75,39.5,41,38.25,2420000,0.00%,0.655555556,TOA
12/20/2019,39.75,40.5,40.5,39.5,1830000,-2.45%,0.655555556,TOA
12/19/2019,40.75,41.25,41.5,40.25,2010000,-0.61%,0.7,TOA
12/18/2019,41,40.5,41.5,40.25,1340000,0.61%,0.711111111,TOA
12/17/2019,40.75,42.75,43.25,39.75,3860000,-5.23%,0.7,TOA
12/16/2019,43,44.75,44.75,42.25,1400000,-3.37%,0.8,TOA
12/13/2019,44.5,45,45,44.5,1080000,0.56%,0.866666667,TOA
12/12/2019,44.25,44.5,44.5,43.75,657900,0.57%,0.855555556,TOA
12/11/2019,44,44,44.75,44,921600,0.00%,0.844444444,TOA
12/9/2019,44,44,44.25,43.5,863500,1.73%,0.844444444,TOA
12/6/2019,43.25,44,44.75,43.25,1640000,-0.57%,0.811111111,TOA
12/4/2019,43.5,42.75,43.5,42.25,631700,1.16%,0.822222222,TOA
12/3/2019,43,42.25,43.5,42,980900,1.78%,0.8,TOA
12/2/2019,42.25,44.5,44.75,41.75,2350000,-5.06%,0.766666667,TOA
11/29/2019,44.5,44.75,45,44,867200,0.00%,0.866666667,TOA
11/28/2019,44.5,45.5,45.5,43.75,1500000,-0.56%,0.866666667,TOA
11/27/2019,44.75,45.75,45.75,44.5,1290000,-1.10%,0.877777778,TOA
11/26/2019,45.25,44.75,45.25,44.5,1060000,1.12%,0.9,TOA
11/25/2019,44.75,44,45,44,1220000,2.87%,0.877777778,TOA
11/22/2019,43.5,43.25,44.5,43.25,2040000,1.16%,0.822222222,TOA
11/21/2019,43,43.5,44,43,2090000,-2.27%,0.8,TOA
11/20/2019,44,44.25,45.25,44,2830000,-0.56%,0.844444444,TOA
11/19/2019,44.25,43.25,45.5,43,3020000,3.51%,0.855555556,TOA
11/18/2019,42.75,42.5,43.25,42,1440000,1.79%,0.788888889,TOA
11/15/2019,42,42.5,43.5,41.75,1740000,-0.59%,0.755555556,TOA
11/14/2019,42.25,43.25,43.25,42,1620000,-1.74%,0.766666667,TOA
11/13/2019,43,41.5,43.5,40.5,5080000,2.38%,0.8,TOA
11/12/2019,42,44.75,44.75,42,3160000,-5.62%,0.755555556,TOA
11/11/2019,44.5,44,44.75,44,625700,0.56%,0.866666667,TOA
11/8/2019,44.25,44.25,45,44,2660000,-1.12%,0.855555556,TOA
11/7/2019,44.75,46.5,47.5,44.25,7740000,-3.76%,0.877777778,TOA
11/6/2019,46.5,47.25,48.25,46,3540000,-1.06%,0.955555556,TOA
11/5/2019,47,46.75,47.75,46.25,1990000,-1.05%,0.977777778,TOA
11/4/2019,47.5,45.75,48,45.5,2790000,4.97%,1,TOA
11/1/2019,45.25,44.5,45.25,44.5,1620000,0.56%,0.9,TOA
10/31/2019,45,44,45.5,44,1780000,0.56%,0.888888889,TOA
10/30/2019,44.75,46.25,46.25,44,3110000,-3.24%,0.877777778,TOA
10/29/2019,46.25,47.5,48,46,2380000,-2.12%,0.944444444,TOA
10/28/2019,47.25,46.5,47.5,45.5,2240000,3.28%,0.988888889,TOA
10/25/2019,45.75,46.25,48.5,45.25,3700000,-0.54%,0.922222222,TOA
10/24/2019,46,44,47.25,44,5600000,4.55%,0.933333333,TOA
10/22/2019,44,44,44.5,43.75,1360000,1.15%,0.844444444,TOA
10/21/2019,43.5,44.25,45,43.5,2380000,-1.14%,0.822222222,TOA
10/18/2019,44,43.75,45,43,3970000,1.73%,0.844444444,TOA
10/17/2019,43.25,41.5,45,41.5,7170000,3.59%,0.811111111,TOA
10/16/2019,41.75,40.5,42.75,40.5,3790000,1.83%,0.744444444,TOA
10/15/2019,41,41.25,41.5,40.75,1670000,0.61%,0.711111111,TOA
10/11/2019,40.75,41,41,40.25,859800,0.00%,0.7,TOA
10/10/2019,40.75,41,41.25,40.25,1190000,0.62%,0.7,TOA
10/9/2019,40.5,39.75,40.75,39.75,816700,1.89%,0.688888889,TOA
10/8/2019,39.75,40.25,40.5,39.75,1640000,-1.85%,0.655555556,TOA
10/7/2019,40.5,41.25,41.25,40.5,487100,-1.82%,0.688888889,TOA
10/4/2019,41.25,40,41.25,40,2160000,3.13%,0.722222222,TOA
10/3/2019,40,39.5,40.25,39.5,892400,0.63%,0.666666667,TOA
10/2/2019,39.75,39,40,38.5,2170000,0.00%,0.655555556,TOA
10/1/2019,39.75,40.5,40.5,39,1440000,-1.85%,0.655555556,TOA
9/30/2019,40.5,40.5,40.75,40,1000000,0.00%,0.688888889,TOA
9/27/2019,40.5,39.25,40.5,39.25,1550000,2.53%,0.688888889,TOA
9/26/2019,39.5,38.75,40,38.75,1950000,2.60%,0.644444444,TOA
9/25/2019,38.5,38.5,39.25,38.5,893100,-1.28%,0.6,TOA
9/24/2019,39,39.5,40.25,39,599400,-2.50%,0.622222222,TOA
9/23/2019,40,39.5,40.25,39.25,1610000,1.91%,0.666666667,TOA
9/20/2019,39.25,40.25,40.25,38.25,4080000,-3.09%,0.633333333,TOA
9/19/2019,40.5,39.75,40.5,39.25,2290000,2.53%,0.688888889,TOA
9/18/2019,39.5,39.5,40,39.25,508800,0.00%,0.644444444,TOA
9/17/2019,39.5,39,40.5,39,2890000,0.00%,0.644444444,TOA
9/16/2019,39.5,38.5,39.75,38.25,1590000,0.00%,0.644444444,TOA
9/13/2019,39.5,38.5,40,38.5,1360000,2.60%,0.644444444,TOA
9/12/2019,38.5,39,39.25,38.5,1250000,-0.65%,0.6,TOA
9/11/2019,38.75,39.75,39.75,38.75,2070000,-1.90%,0.611111111,TOA
9/10/2019,39.5,39.5,40,38.25,2640000,-0.63%,0.644444444,TOA
9/9/2019,39.75,41,41.75,39.5,1740000,-3.64%,0.655555556,TOA
9/6/2019,41.25,42,42.25,40.75,2970000,-1.79%,0.722222222,TOA
9/5/2019,42,41,42.25,41,4380000,2.44%,0.755555556,TOA
9/4/2019,41,40.5,41,40,1390000,1.23%,0.711111111,TOA
9/3/2019,40.5,41.25,41.25,40.25,840900,-0.61%,0.688888889,TOA
9/2/2019,40.75,40.5,41.5,40.5,1530000,0.00%,0.7,TOA
8/30/2019,40.75,40.75,41.5,40.75,787100,-0.61%,0.7,TOA
8/29/2019,41,42,42,41,931300,-2.38%,0.711111111,TOA
8/28/2019,42,40.75,42,40.5,1780000,1.82%,0.755555556,TOA
8/27/2019,41.25,40.75,42,40.75,2380000,1.23%,0.722222222,TOA
8/26/2019,40.75,39.5,41,39.5,1420000,0.62%,0.7,TOA
8/23/2019,40.5,40.75,41,39.5,3470000,-1.22%,0.688888889,TOA
8/22/2019,41,37.5,41.25,36.75,6860000,7.19%,0.711111111,TOA
8/21/2019,38.25,37.75,38.25,37.5,660400,1.32%,0.588888889,TOA
8/20/2019,37.75,38,38,37.5,1060000,-1.31%,0.566666667,TOA
8/19/2019,38.25,37.5,38.5,37.25,1470000,1.32%,0.588888889,TOA
8/16/2019,37.75,36.75,38,36.5,3110000,3.42%,0.566666667,TOA
8/15/2019,36.5,36.5,37,35.75,2760000,-1.35%,0.511111111,TOA
8/14/2019,37,38.25,38.5,36.75,2370000,-3.27%,0.533333333,TOA
8/13/2019,38.25,38.75,39.25,38,1370000,-2.55%,0.588888889,TOA
8/9/2019,39.25,39,39.5,38.5,962100,0.64%,0.633333333,TOA
8/8/2019,39,39.25,39.5,38.5,853800,0.65%,0.622222222,TOA
8/7/2019,38.75,38.5,39.25,38,2110000,0.65%,0.611111111,TOA
8/6/2019,38.5,37.75,38.5,37.75,1200000,0.00%,0.6,TOA
8/5/2019,38.5,37.25,39.25,37,2430000,1.32%,0.6,TOA
8/2/2019,38,39.75,40.25,36,3490000,-5.59%,0.577777778,TOA
8/1/2019,40.25,39.5,40.5,39.5,1990000,0.63%,0.677777778,TOA
7/31/2019,40,40,40.5,39.75,1700000,0.00%,0.666666667,TOA
7/30/2019,40,40.5,40.75,39.5,2320000,-2.44%,0.666666667,TOA
7/26/2019,41,41.25,41.75,40.5,1440000,-1.20%,0.711111111,TOA
7/25/2019,41.5,41.5,41.5,40.75,1080000,1.22%,0.733333333,TOA
7/24/2019,41,41,41.5,41,1290000,0.61%,0.711111111,TOA
7/23/2019,40.75,41.25,41.5,40.25,3490000,0.62%,0.7,TOA
7/22/2019,40.5,41.25,42.5,40.25,3210000,0.00%,0.688888889,TOA
7/19/2019,40.5,40.25,41.75,40.25,4170000,1.89%,0.688888889,TOA
7/18/2019,39.75,39.75,40.75,39.25,2670000,0.00%,0.655555556,TOA
7/17/2019,39.75,40.5,41.5,39.25,4230000,-1.85%,0.655555556,TOA
7/15/2019,40.5,40.25,42.5,40.25,7590000,2.53%,0.688888889,TOA
7/12/2019,39.5,40.75,40.75,39.25,2740000,-1.25%,0.644444444,TOA
7/11/2019,40,39.75,40.25,39.25,2150000,1.27%,0.666666667,TOA
7/10/2019,39.5,39,39.75,38.75,2480000,1.28%,0.644444444,TOA
7/9/2019,39,39.25,40.5,38.75,2440000,-1.89%,0.622222222,TOA
7/8/2019,39.75,40.5,41,39.75,1570000,-2.45%,0.655555556,TOA
7/5/2019,40.75,39.25,40.75,39.25,5890000,3.82%,0.7,TOA
7/4/2019,39.25,39,40.25,38.75,4560000,0.64%,0.633333333,TOA
7/3/2019,39,37.5,40,37,5580000,5.41%,0.622222222,TOA
7/2/2019,37,37,38,37,2480000,-0.67%,0.533333333,TOA
7/1/2019,37.25,37,37.5,36.75,1020000,2.05%,0.544444444,TOA
6/28/2019,36.5,36.75,37.25,36.25,881100,-1.35%,0.511111111,TOA
6/27/2019,37,37,37.5,36.5,1970000,0.68%,0.533333333,TOA
6/26/2019,36.75,36.5,37,36,1230000,0.00%,0.522222222,TOA
6/25/2019,36.75,36.25,37.5,36.25,2550000,1.38%,0.522222222,TOA
6/24/2019,36.25,37,37,36,1060000,-1.36%,0.5,TOA
6/21/2019,36.75,37,37.25,36.5,1780000,-0.68%,0.522222222,TOA
6/20/2019,37,36,37,36,4260000,3.50%,0.533333333,TOA
6/19/2019,35.75,36.5,37,35.75,5780000,0.00%,0.477777778,TOA
6/18/2019,35.75,34,36.5,34,9620000,5.15%,0.477777778,TOA
6/17/2019,34,34.25,34.5,34,446300,0.00%,0.4,TOA
6/14/2019,34,34.25,34.5,33.75,782200,-1.45%,0.4,TOA
6/13/2019,34.5,34,34.5,34,1170000,0.73%,0.422222222,TOA
6/12/2019,34.25,33.5,34.5,33.5,2990000,2.24%,0.411111111,TOA
6/11/2019,33.5,33,33.75,33,1170000,0.00%,0.377777778,TOA
6/10/2019,33.5,33.75,34.5,33.5,3870000,0.00%,0.377777778,TOA
6/7/2019,33.5,31.75,33.75,31.75,7200000,5.51%,0.377777778,TOA
6/6/2019,31.75,31.75,32,31.5,488500,-0.78%,0.3,TOA
6/5/2019,32,32.25,32.25,32,975000,0.00%,0.311111111,TOA
6/4/2019,32,31.25,32.25,31.25,2610000,2.40%,0.311111111,TOA
5/31/2019,31.25,30.75,31.25,30.75,897900,0.81%,0.277777778,TOA
5/30/2019,31,31,31.25,30.5,1200000,-0.80%,0.266666667,TOA
5/29/2019,31.25,32,32,31.25,1810000,-2.34%,0.277777778,TOA
5/28/2019,32,31.75,32,31.25,1290000,0.00%,0.311111111,TOA
5/27/2019,32,31.5,32,31.25,1780000,1.59%,0.311111111,TOA
5/24/2019,31.5,30.75,31.5,30,2380000,3.28%,0.288888889,TOA
5/23/2019,30.5,31,31.25,30.5,1340000,-2.40%,0.244444444,TOA
5/22/2019,31.25,31.25,31.5,31,761600,0.00%,0.277777778,TOA
5/21/2019,31.25,31,31.25,30.75,843900,0.00%,0.277777778,TOA
5/17/2019,31.25,31.5,32,31,2060000,-0.79%,0.277777778,TOA
5/16/2019,31.5,30.5,32,30.25,5520000,4.13%,0.288888889,TOA
5/15/2019,30.25,30.25,30.5,29.75,1540000,2.54%,0.233333333,TOA
5/14/2019,29.5,30,30.25,29.5,979100,0.00%,0.2,TOA
5/13/2019,29.5,30,30.5,29.5,1220000,-1.67%,0.2,TOA
5/10/2019,30,30.25,31,29.75,2600000,0.84%,0.222222222,TOA
5/9/2019,29.75,29.5,30.25,29.5,3700000,0.85%,0.211111111,TOA
5/8/2019,29.5,30.75,31.25,29.5,5940000,-4.84%,0.2,TOA
5/7/2019,31,31.25,31.5,31,2000000,-0.80%,0.266666667,TOA
5/3/2019,31.25,31.75,32.25,31.25,1790000,-1.57%,0.277777778,TOA
5/2/2019,31.75,31.5,32,31.25,3830000,0.79%,0.3,TOA
4/30/2019,31.5,31.25,31.75,31,1660000,0.00%,0.288888889,TOA
4/29/2019,31.5,31.25,31.5,31,798600,0.80%,0.288888889,TOA
4/26/2019,31.25,31.25,31.5,31,1830000,0.00%,0.277777778,TOA
4/25/2019,31.25,31.25,31.5,31,1290000,0.00%,0.277777778,TOA
4/24/2019,31.25,31.25,31.25,30.75,1070000,0.81%,0.277777778,TOA
4/23/2019,31,31.5,31.5,30.75,3310000,-1.59%,0.266666667,TOA
4/22/2019,31.5,31.25,31.5,31,1880000,0.80%,0.288888889,TOA
4/19/2019,31.25,31.25,31.5,31,2150000,0.81%,0.277777778,TOA
4/18/2019,31,31.25,31.5,31,2590000,-1.59%,0.266666667,TOA
4/17/2019,31.5,31.25,31.75,31,2320000,1.61%,0.288888889,TOA
4/12/2019,31,31.5,31.75,31,3260000,-2.36%,0.266666667,TOA
4/11/2019,31.75,31.75,32,31.5,1210000,0.00%,0.3,TOA
4/10/2019,31.75,31.5,32,31.25,2470000,0.79%,0.3,TOA
4/9/2019,31.5,32,32.5,31.25,2350000,-1.56%,0.288888889,TOA
4/5/2019,32,31.5,32.5,31.5,6770000,1.59%,0.311111111,TOA
4/4/2019,31.5,31.75,32,31.25,1640000,-0.79%,0.288888889,TOA
4/3/2019,31.75,31.75,32,31.5,469400,0.00%,0.3,TOA
4/2/2019,31.75,31.75,32,31.75,551200,0.79%,0.3,TOA
4/1/2019,31.5,32.25,32.25,31.5,1190000,-2.33%,0.288888889,TOA
3/29/2019,32.25,32.5,32.5,31.5,2520000,0.00%,0.322222222,TOA
3/28/2019,32.25,31.25,32.25,31,2640000,2.38%,0.322222222,TOA
3/27/2019,31.5,31.5,31.75,31,1670000,0.00%,0.288888889,TOA
3/26/2019,31.5,31.25,31.75,30.75,2300000,0.00%,0.288888889,TOA
3/25/2019,31.5,31.5,32,31.25,1280000,-0.79%,0.288888889,TOA
3/22/2019,31.75,31.75,32,31.5,3840000,-0.78%,0.3,TOA
3/21/2019,32,31.75,32.25,31.5,3750000,0.79%,0.311111111,TOA
3/20/2019,31.75,32.75,33,31.75,4600000,-3.05%,0.3,TOA
3/19/2019,32.75,32.5,33.25,32.25,4050000,0.77%,0.344444444,TOA
3/18/2019,32.5,33,33,32,1400000,-0.76%,0.333333333,TOA
3/15/2019,32.75,33,33.5,32.75,766100,-0.76%,0.344444444,TOA
3/14/2019,33,33,33.75,32.75,1720000,0.76%,0.355555556,TOA
3/13/2019,32.75,33.25,33.25,32.5,2150000,-1.50%,0.344444444,TOA
3/12/2019,33.25,33.75,33.75,32.75,1600000,-0.75%,0.366666667,TOA
3/11/2019,33.5,33.75,33.75,33.25,634700,0.00%,0.377777778,TOA
3/8/2019,33.5,34.25,34.5,33,1950000,-1.47%,0.377777778,TOA
3/7/2019,34,34,35,33.75,2400000,0.00%,0.4,TOA
3/6/2019,34,35.25,35.25,34,897600,-2.86%,0.4,TOA
3/5/2019,35,35,35.25,34.75,560200,0.00%,0.444444444,TOA
3/4/2019,35,34.75,35.5,34.75,476200,-0.71%,0.444444444,TOA
3/1/2019,35.25,35,35.25,34.75,398000,0.71%,0.455555556,TOA
2/28/2019,35,36,36,34.5,2240000,-3.45%,0.444444444,TOA
2/27/2019,36.25,36.25,36.5,36,228900,0.00%,0.5,TOA
2/26/2019,36.25,36.25,36.75,36.25,610800,0.00%,0.5,TOA
2/25/2019,36.25,36.75,36.75,36.25,361200,-1.36%,0.5,TOA
2/22/2019,36.75,36.25,36.75,36,869900,2.08%,0.522222222,TOA
2/21/2019,36,36,36.25,35.75,430600,0.00%,0.488888889,TOA
2/20/2019,36,36.25,36.25,35.75,448400,0.00%,0.488888889,TOA
2/18/2019,36,36,36.5,36,261200,-0.69%,0.488888889,TOA
2/15/2019,36.25,37,37,36,478500,-2.03%,0.5,TOA
2/14/2019,37,37,37.25,36.75,331100,0.00%,0.533333333,TOA
2/13/2019,37,36.5,37.25,36.5,1500000,1.37%,0.533333333,TOA
2/12/2019,36.5,36.25,37,36.25,579200,0.00%,0.511111111,TOA
2/11/2019,36.5,36,37,36,748900,0.69%,0.511111111,TOA
2/8/2019,36.25,36.5,36.75,35.75,703400,0.00%,0.5,TOA
2/7/2019,36.25,36.75,37,35.75,1260000,-1.36%,0.5,TOA
2/6/2019,36.75,37.25,37.25,36.75,713500,-1.34%,0.522222222,TOA
2/5/2019,37.25,37.5,37.75,36.5,961300,-0.67%,0.544444444,TOA
2/4/2019,37.5,36.75,37.5,36.75,2820000,2.74%,0.555555556,TOA
2/1/2019,36.5,36,36.75,35.75,1530000,2.10%,0.511111111,TOA
1/31/2019,35.75,35.25,36.75,35.25,3380000,2.14%,0.477777778,TOA
1/30/2019,35,35,35.25,34.75,393400,0.00%,0.444444444,TOA
1/29/2019,35,35,35.25,34.5,1070000,0.00%,0.444444444,TOA
1/28/2019,35,35.25,35.5,34.75,977600,-0.71%,0.444444444,TOA
1/25/2019,35.25,35.25,36,35,1540000,0.00%,0.455555556,TOA
1/24/2019,35.25,35.75,35.75,35,974200,-0.70%,0.455555556,TOA
1/23/2019,35.5,35.75,36,35.5,676900,-0.70%,0.466666667,TOA
1/22/2019,35.75,36,36.25,35.75,587700,-1.38%,0.477777778,TOA
1/21/2019,36.25,36,36.5,36,596000,0.69%,0.5,TOA
1/18/2019,36,36.5,36.75,36,1970000,0.00%,0.488888889,TOA
1/17/2019,36,35.75,36.5,35.25,2390000,1.41%,0.488888889,TOA
1/16/2019,35.5,34.5,35.5,34.5,2500000,2.90%,0.466666667,TOA
1/15/2019,34.5,33.75,34.5,33.5,711600,2.22%,0.422222222,TOA
1/14/2019,33.75,33.5,34,33.25,494700,0.75%,0.388888889,TOA
1/11/2019,33.5,33.5,33.75,33.25,367000,0.00%,0.377777778,TOA
1/10/2019,33.5,33.25,33.5,32.75,638900,0.75%,0.377777778,TOA
1/9/2019,33.25,33.5,34,33.25,806700,-0.75%,0.366666667,TOA
1/8/2019,33.5,33,33.75,32.75,609400,1.52%,0.377777778,TOA
1/7/2019,33,33.75,33.75,32.75,1130000,-1.49%,0.355555556,TOA
1/4/2019,33.5,32.25,33.75,31.5,2780000,4.69%,0.377777778,TOA
1/3/2019,32,33.25,33.25,32,979800,-3.03%,0.311111111,TOA
1/2/2019,33,33,33.25,32.5,1450000,0.00%,0.355555556,TOA
12/28/2018,33,33,33.75,32.75,1380000,0.00%,0.355555556,TOA
12/27/2018,33,33.25,34,32.75,3250000,2.33%,0.355555556,TOA
12/26/2018,32.25,32.5,32.75,31.75,1430000,-1.53%,0.322222222,TOA
12/25/2018,32.75,32.75,33,32.5,424800,-0.76%,0.344444444,TOA
12/24/2018,33,33.25,33.75,33,1330000,-2.94%,0.355555556,TOA
12/21/2018,34,33.75,34,33.25,816200,1.49%,0.4,TOA
12/20/2018,33.5,33.5,33.75,33,899400,-1.47%,0.377777778,TOA
12/19/2018,34,34.25,34.25,33.5,473700,0.00%,0.4,TOA
12/18/2018,34,32.75,34.25,32.5,1220000,3.03%,0.4,TOA
12/17/2018,33,34,34.5,33,1310000,-3.65%,0.355555556,TOA
12/14/2018,34.25,34,34.25,33.25,750300,0.74%,0.411111111,TOA
12/13/2018,34,33.25,34,33.25,1530000,3.03%,0.4,TOA
12/12/2018,33,34,34,33,2210000,-1.49%,0.355555556,TOA
12/11/2018,33.5,34.25,34.25,33.5,2560000,-3.60%,0.377777778,TOA
12/7/2018,34.75,35.25,35.25,34.5,771200,-1.42%,0.433333333,TOA
12/6/2018,35.25,35.25,35.5,34.75,1290000,-1.40%,0.455555556,TOA
12/4/2018,35.75,36.75,36.75,35.75,1460000,-2.72%,0.477777778,TOA
12/3/2018,36.75,36.75,36.75,36.25,1470000,0.00%,0.522222222,TOA
11/30/2018,36.75,36.75,37,36,474000,0.00%,0.522222222,TOA
11/29/2018,36.75,36.5,36.75,36.25,1390000,1.38%,0.522222222,TOA
11/28/2018,36.25,36,36.5,35.75,723800,0.69%,0.5,TOA
11/27/2018,36,36.25,36.5,36,548200,-1.37%,0.488888889,TOA
11/26/2018,36.5,36.5,36.75,36.25,937100,0.00%,0.511111111,TOA
11/23/2018,36.5,36,36.5,36,382900,1.39%,0.511111111,TOA
11/22/2018,36,36.75,36.75,36,1370000,-2.04%,0.488888889,TOA
11/21/2018,36.75,36.5,37,36,1930000,1.38%,0.522222222,TOA
11/20/2018,36.25,35.5,36.75,35.5,2880000,0.69%,0.5,TOA
11/19/2018,36,35.25,36.25,34.75,2610000,2.86%,0.488888889,TOA
11/16/2018,35,34.75,35.25,34,1290000,0.00%,0.444444444,TOA
11/15/2018,35,35,35.5,35,766700,0.00%,0.444444444,TOA
11/14/2018,35,34,35.5,34,3870000,4.48%,0.444444444,TOA
11/13/2018,33.5,33,33.75,33,570300,0.00%,0.377777778,TOA
11/12/2018,33.5,34,34,33.25,267000,0.00%,0.377777778,TOA
11/9/2018,33.5,33.25,33.75,33.25,230400,0.00%,0.377777778,TOA
11/8/2018,33.5,34,34.25,33.5,888600,-1.47%,0.377777778,TOA
11/7/2018,34,33.75,34,33.5,1680000,0.74%,0.4,TOA
11/6/2018,33.75,34,34,33.75,730300,-0.74%,0.388888889,TOA
11/5/2018,34,33.5,34.25,33.5,429800,-0.73%,0.4,TOA
11/2/2018,34.25,34.5,34.5,34,738500,1.48%,0.411111111,TOA
11/1/2018,33.75,33.75,34.25,33.75,559000,0.00%,0.388888889,TOA
10/31/2018,33.75,33.75,34,33.5,952000,0.75%,0.388888889,TOA
10/30/2018,33.5,33,33.5,32.75,557600,2.29%,0.377777778,TOA
10/29/2018,32.75,33,33.5,32.75,1360000,-0.76%,0.344444444,TOA
10/26/2018,33,33.5,33.75,33,1550000,-2.94%,0.355555556,TOA
10/25/2018,34,33,34,32.75,1770000,0.00%,0.4,TOA
10/24/2018,34,33.25,34.25,32.5,3450000,2.26%,0.4,TOA
10/22/2018,33.25,34.25,34.25,33,1740000,-2.21%,0.366666667,TOA
10/19/2018,34,34.25,34.5,34,1030000,-0.73%,0.4,TOA
10/18/2018,34.25,34.25,34.5,34,1530000,0.00%,0.411111111,TOA
10/17/2018,34.25,35,35.25,34.25,1190000,-1.44%,0.411111111,TOA
10/16/2018,34.75,34.75,35.25,34,3540000,0.00%,0.433333333,TOA
10/12/2018,34.75,35.5,35.5,34.5,999600,-0.71%,0.433333333,TOA
10/11/2018,35,34.5,35,34,4600000,-1.41%,0.444444444,TOA
10/10/2018,35.5,35.5,35.75,35,1250000,0.71%,0.466666667,TOA
10/9/2018,35.25,35.75,36.25,35,1940000,-1.40%,0.455555556,TOA
10/8/2018,35.75,36.5,37,35.75,1060000,-2.05%,0.477777778,TOA
10/5/2018,36.5,36.25,36.75,36,1440000,1.39%,0.511111111,TOA
10/4/2018,36,36.75,36.75,36,1890000,-1.37%,0.488888889,TOA
10/3/2018,36.5,37,37.25,36.5,1690000,-1.35%,0.511111111,TOA
10/2/2018,37,37.75,37.75,37,1320000,-1.99%,0.533333333,TOA
10/1/2018,37.75,38.25,38.25,37.75,770900,0.00%,0.566666667,TOA
9/28/2018,37.75,38.25,38.25,37.75,639000,-1.31%,0.566666667,TOA
9/27/2018,38.25,37.75,38.25,37.5,2050000,0.66%,0.588888889,TOA
9/26/2018,38,38,38.5,37.75,1500000,0.66%,0.577777778,TOA
9/25/2018,37.75,37.75,38.5,37.5,2840000,0.67%,0.566666667,TOA
9/24/2018,37.5,38,38.75,37.25,3750000,-1.32%,0.555555556,TOA
9/21/2018,38,36.5,38,36.25,11490000,5.56%,0.577777778,TOA
9/20/2018,36,35.75,36.75,35.25,4890000,1.41%,0.488888889,TOA
9/19/2018,35.5,35.75,36,35.5,1380000,-0.70%,0.466666667,TOA
9/18/2018,35.75,35.5,36.25,35.5,1500000,0.00%,0.477777778,TOA
9/17/2018,35.75,35,36,34.75,1490000,1.42%,0.477777778,TOA
9/14/2018,35.25,35.5,35.75,35.25,1690000,0.00%,0.455555556,TOA
9/13/2018,35.25,35.25,35.75,35.25,1790000,0.71%,0.455555556,TOA
9/12/2018,35,34.5,35,34.5,905600,0.72%,0.444444444,TOA
9/11/2018,34.75,36,36.25,34.5,1420000,-3.47%,0.433333333,TOA
9/10/2018,36,36,36.25,35.25,950300,0.70%,0.488888889,TOA
9/7/2018,35.75,36,36.5,35.5,1110000,-1.38%,0.477777778,TOA
9/6/2018,36.25,35.75,36.25,34.75,2400000,2.11%,0.5,TOA
9/5/2018,35.5,35.5,35.75,35.25,1450000,-0.70%,0.466666667,TOA
9/4/2018,35.75,36.5,36.75,35.75,1710000,-2.05%,0.477777778,TOA
9/3/2018,36.5,36,36.75,35.75,3310000,2.10%,0.511111111,TOA
8/31/2018,35.75,34.75,36,34.75,3250000,2.14%,0.477777778,TOA
8/30/2018,35,34.75,35.5,34.75,2700000,1.45%,0.444444444,TOA
8/29/2018,34.5,35,35,34.5,714200,-0.72%,0.422222222,TOA
8/28/2018,34.75,34.5,35,33.75,4580000,0.72%,0.433333333,TOA
8/27/2018,34.5,33.75,34.5,33.75,3490000,2.22%,0.422222222,TOA
8/24/2018,33.75,33.75,34.25,33.5,2890000,0.00%,0.388888889,TOA
8/23/2018,33.75,34.5,34.5,33.5,12120000,-2.17%,0.388888889,TOA
8/22/2018,34.5,35,35,34,6270000,-1.43%,0.422222222,TOA
8/21/2018,35,35.25,35.5,34.5,4550000,0.00%,0.444444444,TOA
8/20/2018,35,34.75,35,34.5,4470000,0.00%,0.444444444,TOA
8/17/2018,35,36.5,36.5,35,5030000,-3.45%,0.444444444,TOA
8/16/2018,36.25,36.5,37,36.25,1930000,0.00%,0.5,TOA
8/15/2018,36.25,36,37,35.5,4800000,-2.03%,0.5,TOA
8/14/2018,37,37.5,37.5,36.5,1850000,-1.33%,0.533333333,TOA
8/10/2018,37.5,38,38,37.25,1840000,-1.32%,0.555555556,TOA
8/9/2018,38,38.5,38.5,38,1090000,-0.65%,0.577777778,TOA
8/8/2018,38.25,38.5,38.75,38,1330000,-0.65%,0.588888889,TOA
8/7/2018,38.5,38.5,38.75,38.25,661400,0.65%,0.6,TOA
8/6/2018,38.25,38.75,39,38.25,675500,-0.65%,0.588888889,TOA
8/3/2018,38.5,38.75,38.75,38.25,728800,-0.65%,0.6,TOA
8/2/2018,38.75,39.25,39.25,38.5,1480000,-1.90%,0.611111111,TOA
8/1/2018,39.5,39.5,40.25,39.5,4810000,1.28%,0.644444444,TOA
7/31/2018,39,38.75,39,38.25,1760000,1.30%,0.622222222,TOA
7/26/2018,38.5,38.25,38.5,38,758000,1.32%,0.6,TOA
7/25/2018,38,37.75,38.5,37.75,795100,0.00%,0.577777778,TOA
7/24/2018,38,38.5,38.75,38,722000,-0.65%,0.577777778,TOA
7/23/2018,38.25,37.5,39,37.5,1570000,1.32%,0.588888889,TOA
7/20/2018,37.75,37.5,38,37.5,1170000,0.00%,0.566666667,TOA
7/19/2018,37.75,38.25,38.25,37.75,355900,0.00%,0.566666667,TOA
7/18/2018,37.75,38.25,38.25,37.75,443900,-1.31%,0.566666667,TOA
7/17/2018,38.25,38.25,38.25,37.75,410500,0.00%,0.588888889,TOA
7/16/2018,38.25,37.75,38.25,37.5,580400,0.66%,0.588888889,TOA
7/13/2018,38,38,38.5,37.75,2160000,0.66%,0.577777778,TOA
7/12/2018,37.75,38,38.25,37.75,491500,-0.66%,0.566666667,TOA
7/11/2018,38,38.5,38.5,38,1090000,-1.30%,0.577777778,TOA
7/10/2018,38.5,38.5,38.75,38,1360000,0.65%,0.6,TOA
7/9/2018,38.25,38.5,38.75,38,2580000,0.00%,0.588888889,TOA
7/6/2018,38.25,37.25,38.5,36.75,2290000,2.68%,0.588888889,TOA
7/5/2018,37.25,37.5,37.5,36.75,1920000,-1.32%,0.544444444,TOA
7/4/2018,37.75,37.75,38,36.75,2420000,1.34%,0.566666667,TOA
7/3/2018,37.25,36.25,37.5,34.75,8670000,1.36%,0.544444444,TOA
7/2/2018,36.75,38,38,36,4060000,-3.29%,0.522222222,TOA
6/29/2018,38,37.75,38,36.75,13950000,0.00%,0.577777778,TOA
6/28/2018,38,40,40.25,38,5520000,-5.59%,0.577777778,TOA
6/27/2018,40.25,40,40.25,39.75,1500000,0.63%,0.677777778,TOA
6/26/2018,40,39.25,40.25,39,1050000,1.91%,0.666666667,TOA
6/25/2018,39.25,38.75,40,38.75,2080000,-0.63%,0.633333333,TOA
6/22/2018,39.5,38.75,39.5,37.5,4120000,-1.25%,0.644444444,TOA
6/21/2018,40,40.75,40.75,39,3720000,-1.23%,0.666666667,TOA
6/20/2018,40.5,40,41,39.75,3050000,1.25%,0.688888889,TOA
6/19/2018,40,40.25,40.75,39.25,3910000,-1.84%,0.666666667,TOA
6/18/2018,40.75,41,41.5,40.25,1320000,-1.21%,0.7,TOA
6/15/2018,41.25,42,42.25,41.25,8990000,-1.20%,0.722222222,TOA
6/14/2018,41.75,42,42,41.25,2040000,-0.60%,0.744444444,TOA
6/13/2018,42,41.75,42.5,41.75,1830000,0.60%,0.755555556,TOA
6/12/2018,41.75,42,42.75,41.75,3000000,0.00%,0.744444444,TOA
6/11/2018,41.75,41.75,42.5,40.75,3290000,-1.76%,0.744444444,TOA
6/8/2018,42.5,42.5,42.75,42,2540000,0.59%,0.777777778,TOA
6/7/2018,42.25,43,43,42.25,2740000,-1.17%,0.766666667,TOA
6/6/2018,42.75,42.5,42.75,42,2360000,0.59%,0.788888889,TOA
6/5/2018,42.5,41.75,42.5,41,5610000,1.19%,0.777777778,TOA
6/4/2018,42,39.75,42,39.5,5380000,5.66%,0.755555556,TOA
6/1/2018,39.75,38.5,40,38.5,3640000,3.25%,0.655555556,TOA
5/31/2018,38.5,38.75,39.5,38.5,2930000,0.65%,0.6,TOA
5/30/2018,38.25,38.5,38.75,38,3690000,-1.92%,0.588888889,TOA
5/28/2018,39,40,40,39,889400,-2.50%,0.622222222,TOA
5/25/2018,40,40.25,40.25,39.5,790400,0.63%,0.666666667,TOA
5/24/2018,39.75,40.25,40.75,39.75,1430000,-0.63%,0.655555556,TOA
5/23/2018,40,38.5,40.75,38.5,4820000,3.23%,0.666666667,TOA
5/22/2018,38.75,40.25,40.5,38.75,2020000,-3.73%,0.611111111,TOA
5/21/2018,40.25,39.25,40.75,39.25,3130000,1.90%,0.677777778,TOA
5/18/2018,39.5,38.75,40,38.75,3490000,2.60%,0.644444444,TOA
5/17/2018,38.5,38.25,38.75,38.25,1170000,1.32%,0.6,TOA
5/16/2018,38,38.25,38.5,37.75,2140000,-1.30%,0.577777778,TOA
5/15/2018,38.5,38.75,38.75,37.75,7860000,-2.53%,0.6,TOA
5/14/2018,39.5,38.25,40.25,38.25,2850000,3.27%,0.644444444,TOA
5/11/2018,38.25,38.25,39,38.25,1550000,0.66%,0.588888889,TOA
5/10/2018,38,39,39.25,38,1580000,-2.56%,0.577777778,TOA
5/9/2018,39,40,40.25,39,1280000,-2.50%,0.622222222,TOA
5/8/2018,40,40,40,39,2090000,0.00%,0.666666667,TOA
5/7/2018,40,39.75,40,39.5,966500,0.63%,0.666666667,TOA
5/4/2018,39.75,39.25,40.5,39.25,4380000,0.63%,0.655555556,TOA
5/3/2018,39.5,39,40,39,3220000,0.64%,0.644444444,TOA
5/2/2018,39.25,38.25,39.25,38.25,2280000,2.61%,0.633333333,TOA
4/30/2018,38.25,38.25,38.75,37.75,1800000,0.00%,0.588888889,TOA
4/27/2018,38.25,37.5,38.5,37.25,3470000,2.68%,0.588888889,TOA
4/26/2018,37.25,37.75,37.75,37.25,1430000,-0.67%,0.544444444,TOA
4/25/2018,37.5,37.25,37.5,36.75,3700000,-1.32%,0.555555556,TOA
4/24/2018,38,38.5,38.5,37.75,2210000,-0.65%,0.577777778,TOA
4/23/2018,38.25,38.75,39,38.25,1950000,-0.65%,0.588888889,TOA
4/20/2018,38.5,38.75,39,37.75,2950000,-0.65%,0.6,TOA
4/19/2018,38.75,38.75,39.5,38.75,2450000,0.65%,0.611111111,TOA
4/18/2018,38.5,39.5,39.75,38.5,2480000,-3.14%,0.6,TOA
4/17/2018,39.75,39.5,40,39.5,2490000,0.00%,0.655555556,TOA
4/12/2018,39.75,39.25,40.25,39.25,2140000,1.27%,0.655555556,TOA
4/11/2018,39.25,39.75,39.75,39.25,2350000,-1.88%,0.633333333,TOA
4/10/2018,40,40.5,40.5,39.25,3140000,0.00%,0.666666667,TOA
4/9/2018,40,39,41,38.5,6470000,3.23%,0.666666667,TOA
4/5/2018,38.75,37.5,38.75,37.5,7570000,4.73%,0.611111111,TOA
4/4/2018,37,38,39,36,8000000,-2.63%,0.533333333,TOA
4/3/2018,38,39.75,39.75,38,3250000,-4.40%,0.577777778,TOA
4/2/2018,39.75,39.25,40.25,39.25,3340000,0.63%,0.655555556,TOA
3/30/2018,39.5,38.5,39.5,37.5,6190000,2.60%,0.644444444,TOA
3/29/2018,38.5,38.5,38.75,37.75,3430000,0.00%,0.6,TOA
3/28/2018,38.5,38.75,39.5,38.25,5080000,-0.65%,0.6,TOA
3/27/2018,38.75,38.5,39.5,38,10140000,1.97%,0.611111111,TOA
3/26/2018,38,36.25,38,36,9090000,4.83%,0.577777778,TOA
3/23/2018,36.25,36.25,36.75,36,4180000,-1.36%,0.5,TOA
3/22/2018,36.75,36,37,36,4070000,2.08%,0.522222222,TOA
3/21/2018,36,37,37.25,35.75,4340000,-2.70%,0.488888889,TOA
3/20/2018,37,37,37.75,37,3890000,0.00%,0.533333333,TOA
3/19/2018,37,36.25,37.25,36.25,4810000,2.07%,0.533333333,TOA
3/16/2018,36.25,36.5,37,36.25,2250000,-0.68%,0.5,TOA
3/15/2018,36.5,36,36.75,35.5,5290000,0.69%,0.511111111,TOA
3/14/2018,36.25,36.5,38.5,35.5,22430000,-0.68%,0.5,TOA
3/13/2018,36.5,36.75,37,36,5760000,-0.68%,0.511111111,TOA
3/12/2018,36.75,35.5,36.75,35.5,9420000,3.52%,0.522222222,TOA
3/9/2018,35.5,34.5,36.25,34.5,21290000,2.90%,0.466666667,TOA
3/8/2018,34.5,35,35.25,34,7870000,-1.43%,0.422222222,TOA
3/7/2018,35,33.75,35.25,33.75,14460000,2.94%,0.444444444,TOA
3/6/2018,34,34.25,35,33.75,5900000,-0.73%,0.4,TOA
3/5/2018,34.25,34,34.25,33.25,2350000,1.48%,0.411111111,TOA
3/2/2018,33.75,34.5,34.75,33.75,3530000,-2.17%,0.388888889,TOA
2/28/2018,34.5,34.5,34.75,34,2010000,0.00%,0.422222222,TOA
2/27/2018,34.5,33.75,35,33.75,9330000,0.73%,0.422222222,TOA
2/26/2018,34.25,34,34.25,33.75,3080000,0.74%,0.411111111,TOA
2/23/2018,34,33.5,34.25,33.5,3230000,2.26%,0.4,TOA
2/22/2018,33.25,33.5,34,33.25,3590000,-2.21%,0.366666667,TOA
2/21/2018,34,34.25,34.5,32.75,9190000,0.00%,0.4,TOA
2/20/2018,34,34.75,34.75,33.75,5300000,-1.45%,0.4,TOA
2/19/2018,34.5,35.5,35.75,34.5,9180000,-2.13%,0.422222222,TOA
2/16/2018,35.25,34,35.5,33.75,15890000,2.92%,0.455555556,TOA
2/15/2018,34.25,34.5,34.5,33.5,3740000,-0.72%,0.411111111,TOA
2/14/2018,34.5,34.5,34.75,33.75,11480000,0.00%,0.422222222,TOA
2/13/2018,34.5,33.75,35,33.25,19160000,2.99%,0.422222222,TOA
2/12/2018,33.5,33.25,33.75,32.75,12550000,1.52%,0.377777778,TOA
2/9/2018,33,31,33.25,31,15060000,3.94%,0.355555556,TOA
2/8/2018,31.75,31.25,31.75,31,1810000,2.42%,0.3,TOA
2/7/2018,31,31.75,31.75,31,3080000,-1.59%,0.266666667,TOA
2/6/2018,31.5,30.25,31.5,30,7480000,1.61%,0.288888889,TOA
2/5/2018,31,31.25,31.5,31,3070000,-2.36%,0.266666667,TOA
2/2/2018,31.75,32,32.25,31.75,6930000,0.00%,0.3,TOA
2/1/2018,31.75,31,32.5,31,10590000,2.42%,0.3,TOA
1/31/2018,31,31,31.25,30.75,1860000,-0.80%,0.266666667,TOA
1/30/2018,31.25,31,31.25,30.5,4860000,0.81%,0.277777778,TOA
1/29/2018,31,31.25,31.5,30.75,5450000,-0.80%,0.266666667,TOA
1/26/2018,31.25,31.5,31.75,30.5,7610000,-0.79%,0.277777778,TOA
1/25/2018,31.5,32.5,33,31.25,10310000,-3.08%,0.288888889,TOA
1/24/2018,32.5,32.5,32.75,32.25,1870000,0.78%,0.333333333,TOA
1/23/2018,32.25,33,33.25,32.25,4330000,-2.27%,0.322222222,TOA
1/22/2018,33,32.5,33.25,32.25,3130000,0.76%,0.355555556,TOA
1/19/2018,32.75,32.75,33,32,4980000,0.00%,0.344444444,TOA
1/18/2018,32.75,33.5,33.5,32.75,3480000,-2.24%,0.344444444,TOA
1/17/2018,33.5,32.5,33.75,32.5,9820000,3.08%,0.377777778,TOA
1/16/2018,32.5,33,33.25,32.25,5690000,-1.52%,0.333333333,TOA
1/15/2018,33,33.75,34,33,7490000,-1.49%,0.355555556,TOA
1/12/2018,33.5,34,34.5,33,9120000,-1.47%,0.377777778,TOA
1/11/2018,34,33,34,32,14550000,2.26%,0.4,TOA
1/10/2018,33.25,31.25,33.75,31.25,31540000,8.13%,0.366666667,TOA
1/9/2018,30.75,31.75,32.5,30.75,8990000,-3.15%,0.255555556,TOA
1/8/2018,31.75,33,33,31.5,7880000,-3.79%,0.3,TOA
1/5/2018,33,33.25,33.5,33,5850000,-0.75%,0.355555556,TOA
1/4/2018,33.25,33.25,33.5,32.5,8990000,0.76%,0.366666667,TOA
1/3/2018,33,32.75,33.5,32.25,18430000,1.54%,0.355555556,TOA
12/29/2017,32.5,32.25,32.5,31.75,7140000,0.78%,0.333333333,TOA
12/28/2017,32.25,32.25,32.25,31.5,3460000,0.00%,0.322222222,TOA
12/27/2017,32.25,32.25,32.5,31.5,6430000,0.00%,0.322222222,TOA
12/26/2017,32.25,32.25,33,32.25,14860000,0.78%,0.322222222,TOA
12/25/2017,32,32,32.5,31.75,7200000,0.00%,0.311111111,TOA
12/22/2017,32,31.75,32,31.5,2310000,1.59%,0.311111111,TOA
12/21/2017,31.5,31.75,32,31.25,3600000,-0.79%,0.288888889,TOA
12/20/2017,31.75,32,32.75,31.5,11530000,-0.78%,0.3,TOA
12/19/2017,32,30.5,32,30.5,13620000,4.92%,0.311111111,TOA
12/18/2017,30.5,30.25,31,30,6310000,1.67%,0.244444444,TOA
12/15/2017,30,30.25,30.5,29.75,2610000,-0.83%,0.222222222,TOA
12/14/2017,30.25,30.25,30.75,30,5580000,-0.82%,0.233333333,TOA
12/13/2017,30.5,31,31.5,30.5,6590000,-1.61%,0.244444444,TOA
12/12/2017,31,31.25,31.5,30.5,8340000,0.00%,0.266666667,TOA
12/8/2017,31,29.75,31,29.5,15460000,5.08%,0.266666667,TOA
12/7/2017,29.5,29.5,29.75,29,5510000,0.00%,0.2,TOA
12/6/2017,29.5,29.5,29.75,29.25,5590000,0.00%,0.2,TOA
12/4/2017,29.5,30,30.25,29.5,5900000,-0.84%,0.2,TOA
12/1/2017,29.75,30.5,31,29.75,5100000,-2.46%,0.211111111,TOA
11/30/2017,30.5,30.5,30.75,29.75,6810000,0.00%,0.244444444,TOA
11/29/2017,30.5,31.25,31.5,30.5,4930000,-1.61%,0.244444444,TOA
11/28/2017,31,30.5,31.25,30.25,7630000,2.48%,0.266666667,TOA
11/27/2017,30.25,29.75,30.75,29.75,8380000,1.68%,0.233333333,TOA
11/24/2017,29.75,30.75,31,29.5,12020000,-2.46%,0.211111111,TOA
11/23/2017,30.5,32.25,32.25,30.5,13320000,-4.69%,0.244444444,TOA
11/22/2017,32,32.25,32.5,32,6040000,0.00%,0.311111111,TOA
11/21/2017,32,32.25,33,32,10950000,0.00%,0.311111111,TOA
11/20/2017,32,33,33,32,9070000,-2.29%,0.311111111,TOA
11/17/2017,32.75,33.25,33.75,32.5,16030000,-0.76%,0.344444444,TOA
11/16/2017,33,33.5,33.75,33,6400000,-0.75%,0.355555556,TOA
11/15/2017,33.25,32.75,33.75,32.5,17640000,1.53%,0.366666667,TOA
11/14/2017,32.75,32.5,33,32,10620000,-0.76%,0.344444444,TOA
11/13/2017,33,32.5,33.75,32.5,17460000,1.54%,0.355555556,TOA
11/10/2017,32.5,34,34.25,32.25,24050000,-4.41%,0.333333333,TOA
11/9/2017,34,35,35.25,34,19810000,-2.16%,0.4,TOA
11/8/2017,34.75,36.25,36.5,34.25,27570000,-3.47%,0.433333333,TOA
11/7/2017,36,36.25,37.25,35.75,25400000,0.00%,0.488888889,TOA
11/6/2017,36,36,36.5,35.75,19440000,0.00%,0.488888889,TOA
11/3/2017,36,36.5,37,35.75,19620000,-0.69%,0.488888889,TOA
11/2/2017,36.25,36.5,37,36.25,14510000,-1.36%,0.5,TOA
11/1/2017,36.75,36.75,37.5,35.75,55060000,1.38%,0.522222222,TOA
10/31/2017,36.25,35,36.25,35,35090000,3.57%,0.5,TOA
10/30/2017,35,36.75,37,35,49560000,-4.11%,0.444444444,TOA
10/27/2017,36.5,35.75,37,35.75,42200000,2.82%,0.511111111,TOA
10/25/2017,35.5,34.75,36.25,34.5,80990000,3.65%,0.466666667,TOA
10/24/2017,34.25,33,34.5,32.5,38230000,3.79%,0.411111111,TOA
10/20/2017,33,31.75,33.25,31.75,43310000,3.94%,0.355555556,TOA
10/19/2017,31.75,32.25,33,31.75,16830000,-1.55%,0.3,TOA
10/18/2017,32.25,32.75,32.75,32,12120000,-0.77%,0.322222222,TOA
10/17/2017,32.5,33,33.5,32.25,28800000,-0.76%,0.333333333,TOA
10/16/2017,32.75,31.75,33.5,31.75,62800000,3.97%,0.344444444,TOA
10/12/2017,31.5,32.75,32.75,31,57720000,-3.82%,0.288888889,TOA
10/11/2017,32.75,33.5,34.75,32.25,162110000,0.77%,0.344444444,TOA
